Workbook

Sheet W1
N1: 45323 | R1: 45324
A3: Inquiry/Response | B3: Email | C3: Phone | D3: In-per | E3: D-Total | F3: Email | G3: Phone | H3: In-per | I3: D-Total | J3: Email | K3: Phone | L3: In-per | M3: D-Total | N3: Email | O3: Phone | P3: In-per | Q3: D-Total | R3: Email | S3: Phone | T3: In-per | U3: D-Total | V3: Prim-Catgry Tot | W3: Categories
A4: Academic Advising Appointments | E4: =sum(B4:D4) -> 0 | I4: =sum(F4:H4) -> 0 | M4: =sum(J4:L4) -> 0 | Q4: =sum(N4:P4) -> 0 | U4: =sum(R4:T4) -> 0 | V4: =sum(E4,I4,M4,Q4,U4) -> 0 | W4: Academics
A5: Academic Consideration Requests (ACRs) - Missing Classes | E5: =sum(B5:D5) -> 0 | I5: =sum(F5:H5) -> 0 | M5: =sum(J5:L5) -> 0 | Q5: =sum(N5:P5) -> 0 | U5: =sum(R5:T5) -> 0 | V5: =sum(E5,I5,M5,Q5,U5) -> 0 | W5: Academics | Y5: Main Catergories Analysis | Z5: #'s | AG5: Top 5 Categories
A6: Academic Standing | E6: =sum(B6:D6) -> 0 | I6: =sum(F6:H6) -> 0 | M6: =sum(J6:L6) -> 0 | Q6: =sum(N6:P6) -> 0 | R6: 1 | U6: =sum(R6:T6) -> 1 | V6: =sum(E6,I6,M6,Q6,U6) -> 1 | W6: Academics | Y6: Academics | Z6: =SUMIF(W:W,"Academics",V:V) -> 22 | AH6: Inquiry | AI6: Amount
A7: Access Centre/Academic Accomodation Support | E7: =sum(B7:D7) -> 0 | I7: =sum(F7:H7) -> 0 | M7: =sum(J7:L7) -> 0 | Q7: =sum(N7:P7) -> 0 | U7: =sum(R7:T7) -> 0 | V7: =sum(E7,I7,M7,Q7,U7) -> 0 | W7: Academics | Y7: Referral | Z7: =SUMIF(W:W,"Referral",V:V) -> 7 | AG7: 1 | AH7: {=IFERROR(TEXTJOIN(", ", TRUE, IF($V$4:$V$84=AI7, $A$4:$A$84, "")), "")} -> Course Enrollment | AI7: =LARGE($V$4:$V$84,1) -> 8
A8: ACES | E8: =sum(B8:D8) -> 0 | I8: =sum(F8:H8) -> 0 | M8: =sum(J8:L8) -> 0 | Q8: =sum(N8:P8) -> 0 | U8: =sum(R8:T8) -> 0 | V8: =sum(E8,I8,M8,Q8,U8) -> 0 | W8: Academics | Y8: Financial | Z8: =SUMIF(W:W,"Financial",V:V) -> 2 | AG8: 2 | AH8: {=IFERROR(TEXTJOIN(", ", TRUE, IF($V$4:$V$84=AI8, $A$4:$A$84, "")), "")} -> Chang School | AI8: {=LARGE(IF($V$4:$V$84<>MAX($AI$7:AI7),$V$4:$V$84),1)} -> 4
A9: Admissions | E9: =sum(B9:D9) -> 0 | I9: =sum(F9:H9) -> 0 | M9: =sum(J9:L9) -> 0 | Q9: =sum(N9:P9) -> 0 | R9: 1 | U9: =sum(R9:T9) -> 1 | V9: =sum(E9,I9,M9,Q9,U9) -> 1 | W9: Referral | Y9: Mental Health and Wellness | Z9: =SUMIF(W:W, "Mental Health and Wellness", V:V) -> 0 | AG9: 3 | AH9: {=IFERROR(TEXTJOIN(", ", TRUE, IF($V$4:$V$84=AI9, $A$4:$A$84, "")), "")} -> Engineering Program Transition Courses | AI9: {=LARGE(IF($V$4:$V$84<>MAX($AI$7:AI7),IF($V$4:$V$84<>MAX($AI$8:AI8),$V$4:$V$84)),1)} -> 3
A10: Advisement Report | E10: =sum(B10:D10) -> 0 | I10: =sum(F10:H10) -> 0 | M10: =sum(J10:L10) -> 0 | Q10: =sum(N10:P10) -> 0 | U10: =sum(R10:T10) -> 0 | V10: =sum(E10,I10,M10,Q10,U10) -> 0 | W10: Academics | Y10: Other | Z10: =SUMIF(W:W, "Other", V:V) -> 5 | AG10: 4 | AH10: {=IFERROR(TEXTJOIN(", ", TRUE, IF($V$4:$V$84=AI10, $A$4:$A$84, "")), "")} -> Directions, Supplies Request, e.g. stapler, scissor, etc, Wait List | AI10: {=LARGE(IF($V$4:$V$84<>MAX($AI$7:AI7), IF($V$4:$V$84<>MAX($AI$8:AI8), IF($V$4:$V$84<>MAX($AI$9:AI9), $V$4:$V$84))), 1)} -> 2
A11: Appeals | E11: =sum(B11:D11) -> 0 | I11: =sum(F11:H11) -> 0 | M11: =sum(J11:L11) -> 0 | Q11: =sum(N11:P11) -> 0 | U11: =sum(R11:T11) -> 0 | V11: =sum(E11,I11,M11,Q11,U11) -> 0 | W11: Referral | AG11: 5 | AH11: {=IFERROR(TEXTJOIN(", ", TRUE, IF($V$4:$V$84=AI11, $A$4:$A$84, "")), "")} -> Academic Standing, Admissions, CEN100, Exams/Mid-Terms, Fees, OSAP, OSMS/OSEIE, Other, Plan Change, Probation Contract, Probationary Standing, Required to Withdraw (RTW), Retroactive Course Drop, Service Hub, Upper Year Students | AI11: {=LARGE(IF($V$4:$V$84<>MAX($AI$7:AI7), IF($V$4:$V$84<>MAX($AI$8:AI8), IF($V$4:$V$84<>MAX($AI$9:AI9), IF($V$4:$V$84<>MAX($AI$10:AI10), $V$4:$V$84)))), 1)} -> 1
A12: Awards/Scholarships | E12: =sum(B12:D12) -> 0 | I12: =sum(F12:H12) -> 0 | M12: =sum(J12:L12) -> 0 | Q12: =sum(N12:P12) -> 0 | U12: =sum(R12:T12) -> 0 | V12: =sum(E12,I12,M12,Q12,U12) -> 0 | W12: Referral
A13: Building and Campus access | E13: =sum(B13:D13) -> 0 | I13: =sum(F13:H13) -> 0 | M13: =sum(J13:L13) -> 0 | Q13: =sum(N13:P13) -> 0 | U13: =sum(R13:T13) -> 0 | V13: =sum(E13,I13,M13,Q13,U13) -> 0 | W13: Referral | Y13: Inquiry Breakdown For Week
A14: Careers/Employment | E14: =sum(B14:D14) -> 0 | I14: =sum(F14:H14) -> 0 | M14: =sum(J14:L14) -> 0 | Q14: =sum(N14:P14) -> 0 | U14: =sum(R14:T14) -> 0 | V14: =sum(E14,I14,M14,Q14,U14) -> 0 | W14: Referral | Z14: Monday | AA14: Tuesday | AB14: Wednesday | AC14: Thursday | AD14: Friday | AE14: Method
A15: CCS/Student Help Desk | E15: =sum(B15:D15) -> 0 | I15: =sum(F15:H15) -> 0 | M15: =sum(J15:L15) -> 0 | Q15: =sum(N15:P15) -> 0 | U15: =sum(R15:T15) -> 0 | V15: =sum(E15,I15,M15,Q15,U15) -> 0 | W15: Referral | Y15: Email | Z15: =B85 -> 0 | AA15: =F85 -> 0 | AB15: =J85 -> 0 | AC15: =N85 -> 5 | AD15: =R85 -> 6 | AE15: =sum(Z15:AD15) -> 11
A16: CEN100 | E16: =sum(B16:D16) -> 0 | I16: =sum(F16:H16) -> 0 | M16: =sum(J16:L16) -> 0 | N16: 1 | Q16: =sum(N16:P16) -> 1 | U16: =sum(R16:T16) -> 0 | V16: =sum(E16,I16,M16,Q16,U16) -> 1 | W16: Academics | Y16: Phone | Z16: =C85 -> 0 | AA16: =G85 -> 0 | AB16: =K85 -> 0 | AC16: =O85 -> 0 | AD16: =S85 -> 0 | AE16: =sum(Z16:AD16) -> 0
A17: Chang School | E17: =sum(B17:D17) -> 0 | I17: =sum(F17:H17) -> 0 | M17: =sum(J17:L17) -> 0 | P17: 2 | Q17: =sum(N17:P17) -> 2 | T17: 2 | U17: =sum(R17:T17) -> 2 | V17: =sum(E17,I17,M17,Q17,U17) -> 4 | W17: Referral | Y17: In-Person | Z17: =B86 | AA17: =F86 | AB17: =J86 | AC17: =N86 -> 11 | AD17: =R86 -> 14 | AE17: =sum(Z17:AD17) -> 25
A18: Computer Labs | E18: =sum(B18:D18) -> 0 | I18: =sum(F18:H18) -> 0 | M18: =sum(J18:L18) -> 0 | Q18: =sum(N18:P18) -> 0 | U18: =sum(R18:T18) -> 0 | V18: =sum(E18,I18,M18,Q18,U18) -> 0 | W18: Referral | Y18: Inquiry Breakdown | Z18: =sum(Z15:Z17) -> 0 | AA18: =sum(AA15:AA17) -> 0 | AB18: =sum(AB15:AB17) -> 0 | AC18: =sum(AC15:AC17) -> 16 | AD18: =sum(AD15:AD17) -> 20 | AE18: =sum(Z18:AD18) -> 36
A19: Contact Info Requests | E19: =sum(B19:D19) -> 0 | I19: =sum(F19:H19) -> 0 | M19: =sum(J19:L19) -> 0 | Q19: =sum(N19:P19) -> 0 | U19: =sum(R19:T19) -> 0 | V19: =sum(E19,I19,M19,Q19,U19) -> 0 | W19: Referral
A20: Coop | E20: =sum(B20:D20) -> 0 | I20: =sum(F20:H20) -> 0 | M20: =sum(J20:L20) -> 0 | Q20: =sum(N20:P20) -> 0 | U20: =sum(R20:T20) -> 0 | V20: =sum(E20,I20,M20,Q20,U20) -> 0 | W20: Referral
A21: Counselling Centre Appointments | E21: =sum(B21:D21) -> 0 | I21: =sum(F21:H21) -> 0 | M21: =sum(J21:L21) -> 0 | Q21: =sum(N21:P21) -> 0 | U21: =sum(R21:T21) -> 0 | V21: =sum(E21,I21,M21,Q21,U21) -> 0 | W21: Mental Health and Wellness | Y21: Inquiry Timings - Monday
A22: Course Delivery | E22: =sum(B22:D22) -> 0 | I22: =sum(F22:H22) -> 0 | M22: =sum(J22:L22) -> 0 | Q22: =sum(N22:P22) -> 0 | U22: =sum(R22:T22) -> 0 | V22: =sum(E22,I22,M22,Q22,U22) -> 0 | W22: Referral | Y22: Time | Z22: Number of People | AA22: Topic of inquiries | AB22: Phone | AC22: In-Person
A23: Course Drop | E23: =sum(B23:D23) -> 0 | I23: =sum(F23:H23) -> 0 | M23: =sum(J23:L23) -> 0 | Q23: =sum(N23:P23) -> 0 | U23: =sum(R23:T23) -> 0 | V23: =sum(E23,I23,M23,Q23,U23) -> 0 | W23: Academics | Y23: 45179 | AB23: FALSE | AC23: FALSE
A24: Course Enrollment | E24: =sum(B24:D24) -> 0 | I24: =sum(F24:H24) -> 0 | M24: =sum(J24:L24) -> 0 | P24: 4 | Q24: =sum(N24:P24) -> 4 | R24: 1 | T24: 3 | U24: =sum(R24:T24) -> 4 | V24: =sum(E24,I24,M24,Q24,U24) -> 8 | W24: Academics | Y24: 45210 | AB24: FALSE | AC24: FALSE
A25: Course Intentions | E25: =sum(B25:D25) -> 0 | I25: =sum(F25:H25) -> 0 | M25: =sum(J25:L25) -> 0 | Q25: =sum(N25:P25) -> 0 | U25: =sum(R25:T25) -> 0 | V25: =sum(E25,I25,M25,Q25,U25) -> 0 | W25: Academics | Y25: 45242 | AB25: FALSE | AC25: FALSE
A26: Course Outlines | E26: =sum(B26:D26) -> 0 | I26: =sum(F26:H26) -> 0 | M26: =sum(J26:L26) -> 0 | Q26: =sum(N26:P26) -> 0 | U26: =sum(R26:T26) -> 0 | V26: =sum(E26,I26,M26,Q26,U26) -> 0 | W26: Referral | Y26: 45261 | AB26: FALSE | AC26: FALSE
A27: Course Planning/Course Load management | E27: =sum(B27:D27) -> 0 | I27: =sum(F27:H27) -> 0 | M27: =sum(J27:L27) -> 0 | Q27: =sum(N27:P27) -> 0 | U27: =sum(R27:T27) -> 0 | V27: =sum(E27,I27,M27,Q27,U27) -> 0 | W27: Academics | Y27: 44928 | AB27: FALSE | AC27: FALSE
A28: Course Swap | E28: =sum(B28:D28) -> 0 | I28: =sum(F28:H28) -> 0 | M28: =sum(J28:L28) -> 0 | Q28: =sum(N28:P28) -> 0 | U28: =sum(R28:T28) -> 0 | V28: =sum(E28,I28,M28,Q28,U28) -> 0 | W28: Academics | Y28: 44960 | AB28: FALSE | AC28: FALSE
A29: D2L | E29: =sum(B29:D29) -> 0 | I29: =sum(F29:H29) -> 0 | M29: =sum(J29:L29) -> 0 | Q29: =sum(N29:P29) -> 0 | U29: =sum(R29:T29) -> 0 | V29: =sum(E29,I29,M29,Q29,U29) -> 0 | W29: Academics | Y29: 44989 | AB29: FALSE | AC29: FALSE
A30: Directions | E30: =sum(B30:D30) -> 0 | I30: =sum(F30:H30) -> 0 | M30: =sum(J30:L30) -> 0 | Q30: =sum(N30:P30) -> 0 | T30: 2 | U30: =sum(R30:T30) -> 2 | V30: =sum(E30,I30,M30,Q30,U30) -> 2 | W30: Other
A31: Discipline | E31: =sum(B31:D31) -> 0 | I31: =sum(F31:H31) -> 0 | M31: =sum(J31:L31) -> 0 | Q31: =sum(N31:P31) -> 0 | U31: =sum(R31:T31) -> 0 | V31: =sum(E31,I31,M31,Q31,U31) -> 0 | W31: Referral
A32: Early Intervention | E32: =sum(B32:D32) -> 0 | I32: =sum(F32:H32) -> 0 | M32: =sum(J32:L32) -> 0 | Q32: =sum(N32:P32) -> 0 | U32: =sum(R32:T32) -> 0 | V32: =sum(E32,I32,M32,Q32,U32) -> 0 | W32: Academics | Y32: Inquiry Timings - Tuesday
A33: Engineering Program Transition Courses | E33: =sum(B33:D33) -> 0 | I33: =sum(F33:H33) -> 0 | M33: =sum(J33:L33) -> 0 | N33: 1 | P33: 2 | Q33: =sum(N33:P33) -> 3 | U33: =sum(R33:T33) -> 0 | V33: =sum(E33,I33,M33,Q33,U33) -> 3 | W33: Academics | Y33: Time | Z33: Number of People | AA33: Topic of inquiries | AB33: Phone | AC33: In-Person
A34: Enrollment Period | E34: =sum(B34:D34) -> 0 | I34: =sum(F34:H34) -> 0 | M34: =sum(J34:L34) -> 0 | Q34: =sum(N34:P34) -> 0 | U34: =sum(R34:T34) -> 0 | V34: =sum(E34,I34,M34,Q34,U34) -> 0 | W34: Academics | Y34: 45179 | AB34: FALSE | AC34: FALSE
A35: Exams/Mid-Terms | E35: =sum(B35:D35) -> 0 | I35: =sum(F35:H35) -> 0 | M35: =sum(J35:L35) -> 0 | Q35: =sum(N35:P35) -> 0 | R35: 1 | U35: =sum(R35:T35) -> 1 | V35: =sum(E35,I35,M35,Q35,U35) -> 1 | W35: Academics | Y35: 45210 | AB35: FALSE | AC35: FALSE
A36: Fees | E36: =sum(B36:D36) -> 0 | I36: =sum(F36:H36) -> 0 | M36: =sum(J36:L36) -> 0 | P36: 1 | Q36: =sum(N36:P36) -> 1 | U36: =sum(R36:T36) -> 0 | V36: =sum(E36,I36,M36,Q36,U36) -> 1 | W36: Financial | Y36: 45242 | AB36: FALSE | AC36: FALSE
A37: First Year Ambassador Program | E37: =sum(B37:D37) -> 0 | I37: =sum(F37:H37) -> 0 | M37: =sum(J37:L37) -> 0 | Q37: =sum(N37:P37) -> 0 | U37: =sum(R37:T37) -> 0 | V37: =sum(E37,I37,M37,Q37,U37) -> 0 | W37: Academics | Y37: 45261 | AB37: FALSE | AC37: FALSE
A38: First Year in Two Years | E38: =sum(B38:D38) -> 0 | I38: =sum(F38:H38) -> 0 | M38: =sum(J38:L38) -> 0 | Q38: =sum(N38:P38) -> 0 | U38: =sum(R38:T38) -> 0 | V38: =sum(E38,I38,M38,Q38,U38) -> 0 | W38: Academics | Y38: 44928 | AB38: FALSE | AC38: FALSE
A39: Fresh Start / Reinstatement | E39: =sum(B39:D39) -> 0 | I39: =sum(F39:H39) -> 0 | M39: =sum(J39:L39) -> 0 | Q39: =sum(N39:P39) -> 0 | U39: =sum(R39:T39) -> 0 | V39: =sum(E39,I39,M39,Q39,U39) -> 0 | W39: Academics | Y39: 44960 | AB39: FALSE | AC39: FALSE
A40: General Academic Advising | E40: =sum(B40:D40) -> 0 | I40: =sum(F40:H40) -> 0 | M40: =sum(J40:L40) -> 0 | Q40: =sum(N40:P40) -> 0 | U40: =sum(R40:T40) -> 0 | V40: =sum(E40,I40,M40,Q40,U40) -> 0 | W40: Academics | Y40: 44989 | AB40: FALSE | AC40: FALSE
A41: GPA/CGPA | E41: =sum(B41:D41) -> 0 | I41: =sum(F41:H41) -> 0 | M41: =sum(J41:L41) -> 0 | Q41: =sum(N41:P41) -> 0 | U41: =sum(R41:T41) -> 0 | V41: =sum(E41,I41,M41,Q41,U41) -> 0 | W41: Academics
A42: Graduate Studies | E42: =sum(B42:D42) -> 0 | I42: =sum(F42:H42) -> 0 | M42: =sum(J42:L42) -> 0 | Q42: =sum(N42:P42) -> 0 | U42: =sum(R42:T42) -> 0 | V42: =sum(E42,I42,M42,Q42,U42) -> 0 | W42: Referral | Y42: Inquiry Timings - Wednesday
A43: Holidays, e.g. Reading Week, Stat Holidays, etc | E43: =sum(B43:D43) -> 0 | I43: =sum(F43:H43) -> 0 | M43: =sum(J43:L43) -> 0 | Q43: =sum(N43:P43) -> 0 | U43: =sum(R43:T43) -> 0 | V43: =sum(E43,I43,M43,Q43,U43) -> 0 | W43: Other | Y43: Time | Z43: Number of People | AA43: Topic of inquiries | AB43: Phone | AC43: In-Person
A44: International Student Support | E44: =sum(B44:D44) -> 0 | I44: =sum(F44:H44) -> 0 | M44: =sum(J44:L44) -> 0 | Q44: =sum(N44:P44) -> 0 | U44: =sum(R44:T44) -> 0 | V44: =sum(E44,I44,M44,Q44,U44) -> 0 | W44: Referral | Y44: 45179 | AB44: FALSE | AC44: FALSE
A45: Letter of Permission/Taking Courses outside TMU | E45: =sum(B45:D45) -> 0 | I45: =sum(F45:H45) -> 0 | M45: =sum(J45:L45) -> 0 | Q45: =sum(N45:P45) -> 0 | U45: =sum(R45:T45) -> 0 | V45: =sum(E45,I45,M45,Q45,U45) -> 0 | W45: Referral | Y45: 45210 | AB45: FALSE | AC45: FALSE
A46: Liberals | E46: =sum(B46:D46) -> 0 | I46: =sum(F46:H46) -> 0 | M46: =sum(J46:L46) -> 0 | Q46: =sum(N46:P46) -> 0 | U46: =sum(R46:T46) -> 0 | V46: =sum(E46,I46,M46,Q46,U46) -> 0 | W46: Academics | Y46: 45242 | AB46: FALSE | AC46: FALSE
A47: Lockers | E47: =sum(B47:D47) -> 0 | I47: =sum(F47:H47) -> 0 | M47: =sum(J47:L47) -> 0 | Q47: =sum(N47:P47) -> 0 | U47: =sum(R47:T47) -> 0 | V47: =sum(E47,I47,M47,Q47,U47) -> 0 | W47: Other | Y47: 45261 | AB47: FALSE | AC47: FALSE
A48: Lost and Found | E48: =sum(B48:D48) -> 0 | I48: =sum(F48:H48) -> 0 | M48: =sum(J48:L48) -> 0 | Q48: =sum(N48:P48) -> 0 | U48: =sum(R48:T48) -> 0 | V48: =sum(E48,I48,M48,Q48,U48) -> 0 | W48: Other | Y48: 44928 | AB48: FALSE | AC48: FALSE
A49: Math Centre | E49: =sum(B49:D49) -> 0 | I49: =sum(F49:H49) -> 0 | M49: =sum(J49:L49) -> 0 | Q49: =sum(N49:P49) -> 0 | U49: =sum(R49:T49) -> 0 | V49: =sum(E49,I49,M49,Q49,U49) -> 0 | W49: Academics | Y49: 44960 | AB49: FALSE | AC49: FALSE
A50: Mentoring | E50: =sum(B50:D50) -> 0 | I50: =sum(F50:H50) -> 0 | M50: =sum(J50:L50) -> 0 | Q50: =sum(N50:P50) -> 0 | U50: =sum(R50:T50) -> 0 | V50: =sum(E50,I50,M50,Q50,U50) -> 0 | W50: Academics | Y50: 44989 | AB50: FALSE | AC50: FALSE
A51: Mini Math | E51: =sum(B51:D51) -> 0 | I51: =sum(F51:H51) -> 0 | M51: =sum(J51:L51) -> 0 | Q51: =sum(N51:P51) -> 0 | U51: =sum(R51:T51) -> 0 | V51: =sum(E51,I51,M51,Q51,U51) -> 0 | W51: Academics
A52: Minors | E52: =sum(B52:D52) -> 0 | I52: =sum(F52:H52) -> 0 | M52: =sum(J52:L52) -> 0 | Q52: =sum(N52:P52) -> 0 | U52: =sum(R52:T52) -> 0 | V52: =sum(E52,I52,M52,Q52,U52) -> 0 | W52: Academics | Y52: Inquiry Timings - Thursday
A53: MyServiceHub Navigation | E53: =sum(B53:D53) -> 0 | I53: =sum(F53:H53) -> 0 | M53: =sum(J53:L53) -> 0 | Q53: =sum(N53:P53) -> 0 | U53: =sum(R53:T53) -> 0 | V53: =sum(E53,I53,M53,Q53,U53) -> 0 | W53: Other | Y53: Time | Z53: Number of People | AA53: Topic of inquiries | AB53: Phone | AC53: In-Person
A54: One Card | E54: =sum(B54:D54) -> 0 | I54: =sum(F54:H54) -> 0 | M54: =sum(J54:L54) -> 0 | Q54: =sum(N54:P54) -> 0 | U54: =sum(R54:T54) -> 0 | V54: =sum(E54,I54,M54,Q54,U54) -> 0 | W54: Referral | Y54: 45179 | AB54: FALSE | AC54: FALSE
A55: Orientation | E55: =sum(B55:D55) -> 0 | I55: =sum(F55:H55) -> 0 | M55: =sum(J55:L55) -> 0 | Q55: =sum(N55:P55) -> 0 | U55: =sum(R55:T55) -> 0 | V55: =sum(E55,I55,M55,Q55,U55) -> 0 | W55: Other | Y55: 45210 | AB55: FALSE | AC55: FALSE
A56: OSAP | E56: =sum(B56:D56) -> 0 | I56: =sum(F56:H56) -> 0 | M56: =sum(J56:L56) -> 0 | Q56: =sum(N56:P56) -> 0 | T56: 1 | U56: =sum(R56:T56) -> 1 | V56: =sum(E56,I56,M56,Q56,U56) -> 1 | W56: Financial | Y56: 45242 | AB56: FALSE | AC56: FALSE
A57: OSMS/OSEIE | E57: =sum(B57:D57) -> 0 | I57: =sum(F57:H57) -> 0 | M57: =sum(J57:L57) -> 0 | Q57: =sum(N57:P57) -> 0 | R57: 1 | U57: =sum(R57:T57) -> 1 | V57: =sum(E57,I57,M57,Q57,U57) -> 1 | W57: Other | Y57: 45261 | AB57: FALSE | AC57: FALSE
A58: Other | E58: =sum(B58:D58) -> 0 | I58: =sum(F58:H58) -> 0 | M58: =sum(J58:L58) -> 0 | Q58: =sum(N58:P58) -> 0 | T58: 1 | U58: =sum(R58:T58) -> 1 | V58: =sum(E58,I58,M58,Q58,U58) -> 1 | W58: Academics | Y58: 44928 | AB58: FALSE | AC58: FALSE
A59: Parents Night | E59: =sum(B59:D59) -> 0 | I59: =sum(F59:H59) -> 0 | M59: =sum(J59:L59) -> 0 | Q59: =sum(N59:P59) -> 0 | U59: =sum(R59:T59) -> 0 | V59: =sum(E59,I59,M59,Q59,U59) -> 0 | W59: Other | Y59: 44960 | AB59: FALSE | AC59: FALSE
A60: Plan Change | E60: =sum(B60:D60) -> 0 | I60: =sum(F60:H60) -> 0 | M60: =sum(J60:L60) -> 0 | N60: 1 | Q60: =sum(N60:P60) -> 1 | U60: =sum(R60:T60) -> 0 | V60: =sum(E60,I60,M60,Q60,U60) -> 1 | W60: Academics | Y60: 44989 | AB60: FALSE | AC60: FALSE
A61: Printing | E61: =sum(B61:D61) -> 0 | I61: =sum(F61:H61) -> 0 | M61: =sum(J61:L61) -> 0 | Q61: =sum(N61:P61) -> 0 | U61: =sum(R61:T61) -> 0 | V61: =sum(E61,I61,M61,Q61,U61) -> 0 | W61: Academics
A62: Probation Contract | E62: =sum(B62:D62) -> 0 | I62: =sum(F62:H62) -> 0 | M62: =sum(J62:L62) -> 0 | Q62: =sum(N62:P62) -> 0 | T62: 1 | U62: =sum(R62:T62) -> 1 | V62: =sum(E62,I62,M62,Q62,U62) -> 1 | W62: Academics | Y62: Inquiry Timings - Friday
A63: Probationary Standing | E63: =sum(B63:D63) -> 0 | I63: =sum(F63:H63) -> 0 | M63: =sum(J63:L63) -> 0 | Q63: =sum(N63:P63) -> 0 | T63: 1 | U63: =sum(R63:T63) -> 1 | V63: =sum(E63,I63,M63,Q63,U63) -> 1 | W63: Academics | Y63: Time | Z63: Number of People | AA63: Topic of inquiries | AB63: Phone | AC63: In-Person
A64: Promotion to 2nd Year | E64: =sum(B64:D64) -> 0 | I64: =sum(F64:H64) -> 0 | M64: =sum(J64:L64) -> 0 | Q64: =sum(N64:P64) -> 0 | U64: =sum(R64:T64) -> 0 | V64: =sum(E64,I64,M64,Q64,U64) -> 0 | W64: Academics | Y64: 45179 | AB64: FALSE | AC64: FALSE
A65: Proof of Enrollment/3rd Party Letter Request | E65: =sum(B65:D65) -> 0 | I65: =sum(F65:H65) -> 0 | M65: =sum(J65:L65) -> 0 | Q65: =sum(N65:P65) -> 0 | U65: =sum(R65:T65) -> 0 | V65: =sum(E65,I65,M65,Q65,U65) -> 0 | W65: Referral | Y65: 45210 | AB65: FALSE | AC65: FALSE
A66: Required to Withdraw (RTW) | E66: =sum(B66:D66) -> 0 | I66: =sum(F66:H66) -> 0 | M66: =sum(J66:L66) -> 0 | Q66: =sum(N66:P66) -> 0 | R66: 1 | U66: =sum(R66:T66) -> 1 | V66: =sum(E66,I66,M66,Q66,U66) -> 1 | W66: Academics | Y66: 45242 | AB66: FALSE | AC66: FALSE
A67: Residence/Student Housing | E67: =sum(B67:D67) -> 0 | I67: =sum(F67:H67) -> 0 | M67: =sum(J67:L67) -> 0 | Q67: =sum(N67:P67) -> 0 | U67: =sum(R67:T67) -> 0 | V67: =sum(E67,I67,M67,Q67,U67) -> 0 | W67: Referral | Y67: 45261 | AB67: FALSE | AC67: FALSE
A68: Retroactive Course Drop | E68: =sum(B68:D68) -> 0 | I68: =sum(F68:H68) -> 0 | M68: =sum(J68:L68) -> 0 | P68: 1 | Q68: =sum(N68:P68) -> 1 | U68: =sum(R68:T68) -> 0 | V68: =sum(E68,I68,M68,Q68,U68) -> 1 | W68: Academics | Y68: 44928 | AB68: FALSE | AC68: FALSE
A69: Service Hub | E69: =sum(B69:D69) -> 0 | I69: =sum(F69:H69) -> 0 | M69: =sum(J69:L69) -> 0 | N69: 1 | Q69: =sum(N69:P69) -> 1 | U69: =sum(R69:T69) -> 0 | V69: =sum(E69,I69,M69,Q69,U69) -> 1 | W69: Referral | Y69: 44960 | AB69: FALSE | AC69: FALSE
A70: Special Student (Not enrolled in Engineering at TMU) | E70: =sum(B70:D70) -> 0 | I70: =sum(F70:H70) -> 0 | M70: =sum(J70:L70) -> 0 | Q70: =sum(N70:P70) -> 0 | U70: =sum(R70:T70) -> 0 | V70: =sum(E70,I70,M70,Q70,U70) -> 0 | W70: Academics | Y70: 44989 | AB70: FALSE | AC70: FALSE
A71: Student Clubs - General | E71: =sum(B71:D71) -> 0 | I71: =sum(F71:H71) -> 0 | M71: =sum(J71:L71) -> 0 | Q71: =sum(N71:P71) -> 0 | U71: =sum(R71:T71) -> 0 | V71: =sum(E71,I71,M71,Q71,U71) -> 0 | W71: Mental Health and Wellness
A72: Student Life and Learning Support (SLLS) | E72: =sum(B72:D72) -> 0 | I72: =sum(F72:H72) -> 0 | M72: =sum(J72:L72) -> 0 | Q72: =sum(N72:P72) -> 0 | U72: =sum(R72:T72) -> 0 | V72: =sum(E72,I72,M72,Q72,U72) -> 0 | W72: Mental Health and Wellness
A73: Study Halls | E73: =sum(B73:D73) -> 0 | I73: =sum(F73:H73) -> 0 | M73: =sum(J73:L73) -> 0 | Q73: =sum(N73:P73) -> 0 | U73: =sum(R73:T73) -> 0 | V73: =sum(E73,I73,M73,Q73,U73) -> 0 | W73: Academics
A74: Supplies Request, e.g. stapler, scissor, etc | E74: =sum(B74:D74) -> 0 | I74: =sum(F74:H74) -> 0 | M74: =sum(J74:L74) -> 0 | Q74: =sum(N74:P74) -> 0 | T74: 2 | U74: =sum(R74:T74) -> 2 | V74: =sum(E74,I74,M74,Q74,U74) -> 2 | W74: Other
A75: Test Center/Makeup Exam | E75: =sum(B75:D75) -> 0 | I75: =sum(F75:H75) -> 0 | M75: =sum(J75:L75) -> 0 | Q75: =sum(N75:P75) -> 0 | U75: =sum(R75:T75) -> 0 | V75: =sum(E75,I75,M75,Q75,U75) -> 0 | W75: Referral
A76: Toronto Mentropolitan Student Union (TMSU) | E76: =sum(B76:D76) -> 0 | I76: =sum(F76:H76) -> 0 | M76: =sum(J76:L76) -> 0 | Q76: =sum(N76:P76) -> 0 | U76: =sum(R76:T76) -> 0 | V76: =sum(E76,I76,M76,Q76,U76) -> 0 | W76: Mental Health and Wellness
A77: Transfer Credits | E77: =sum(B77:D77) -> 0 | I77: =sum(F77:H77) -> 0 | M77: =sum(J77:L77) -> 0 | Q77: =sum(N77:P77) -> 0 | U77: =sum(R77:T77) -> 0 | V77: =sum(E77,I77,M77,Q77,U77) -> 0 | W77: Referral
A78: Transferring Programs - Outside of Engineering | E78: =sum(B78:D78) -> 0 | I78: =sum(F78:H78) -> 0 | M78: =sum(J78:L78) -> 0 | Q78: =sum(N78:P78) -> 0 | U78: =sum(R78:T78) -> 0 | V78: =sum(E78,I78,M78,Q78,U78) -> 0 | W78: Referral
A79: Tutoring - Student Learning Support | E79: =sum(B79:D79) -> 0 | I79: =sum(F79:H79) -> 0 | M79: =sum(J79:L79) -> 0 | Q79: =sum(N79:P79) -> 0 | U79: =sum(R79:T79) -> 0 | V79: =sum(E79,I79,M79,Q79,U79) -> 0 | W79: Academics
A80: Upper Year Students | E80: =sum(B80:D80) -> 0 | I80: =sum(F80:H80) -> 0 | M80: =sum(J80:L80) -> 0 | N80: 1 | Q80: =sum(N80:P80) -> 1 | U80: =sum(R80:T80) -> 0 | V80: =sum(E80,I80,M80,Q80,U80) -> 1 | W80: Referral
A81: Wait List | E81: =sum(B81:D81) -> 0 | I81: =sum(F81:H81) -> 0 | M81: =sum(J81:L81) -> 0 | P81: 1 | Q81: =sum(N81:P81) -> 1 | T81: 1 | U81: =sum(R81:T81) -> 1 | V81: =sum(E81,I81,M81,Q81,U81) -> 2 | W81: Academics
A82: Withdrawal - Permanent | E82: =sum(B82:D82) -> 0 | I82: =sum(F82:H82) -> 0 | M82: =sum(J82:L82) -> 0 | Q82: =sum(N82:P82) -> 0 | U82: =sum(R82:T82) -> 0 | V82: =sum(E82,I82,M82,Q82,U82) -> 0 | W82: Academics
A83: Withdrawal - Short Term | E83: =sum(B83:D83) -> 0 | I83: =sum(F83:H83) -> 0 | M83: =sum(J83:L83) -> 0 | Q83: =sum(N83:P83) -> 0 | U83: =sum(R83:T83) -> 0 | V83: =sum(E83,I83,M83,Q83,U83) -> 0 | W83: Academics
A84: Writing Test/CEN 199 | E84: =sum(B84:D84) -> 0 | I84: =sum(F84:H84) -> 0 | M84: =sum(J84:L84) -> 0 | Q84: =sum(N84:P84) -> 0 | U84: =sum(R84:T84) -> 0 | V84: =sum(E84,I84,M84,Q84,U84) -> 0 | W84: Academics
A85: Full Daily Total | B85: =sum(B4:B84) -> 0 | C85: =sum(C4:C84) -> 0 | D85: =sum(D4:D84) -> 0 | F85: =sum(F4:F84) -> 0 | G85: =sum(G4:G84) -> 0 | H85: =sum(H4:H84) -> 0 | J85: =sum(J4:J84) -> 0 | K85: =sum(K4:K84) -> 0 | L85: =sum(L4:L84) -> 0 | N85: =sum(N4:N84) -> 5 | O85: =sum(O4:O84) -> 0 | P85: =sum(P4:P84) -> 11 | R85: =sum(R4:R84) -> 6 | S85: =sum(S4:S84) -> 0 | T85: =sum(T4:T84) -> 14
A86: PEOPLE | N86: 11 | R86: 14

Sheet W2
B1: 45327 | F1: 45328 | J1: 45329 | N1: 45330 | R1: 45331
A3: Inquiry/Response | B3: Email | C3: Phone | D3: In-per | E3: D-Total | F3: Email | G3: Phone | H3: In-per | I3: D-Total | J3: Email | K3: Phone | L3: In-per | M3: D-Total | N3: Email | O3: Phone | P3: In-per | Q3: D-Total | R3: Email | S3: Phone | T3: In-per | U3: D-Total | V3: Prim-Catgry Tot | W3: Categories
A4: Academic Advising Appointments | B4: 1 | E4: =sum(B4:D4) -> 1 | F4: 1 | I4: =sum(F4:H4) -> 1 | M4: =sum(J4:L4) -> 0 | Q4: =sum(N4:P4) -> 0 | U4: =sum(R4:T4) -> 0 | V4: =sum(E4,I4,M4,Q4,U4) -> 2 | W4: Academics
A5: Academic Consideration Requests (ACRs) - Missing Classes | B5: 1 | D5: 1 | E5: =sum(B5:D5) -> 2 | F5: 1 | I5: =sum(F5:H5) -> 1 | J5: 3 | L5: 1 | M5: =sum(J5:L5) -> 4 | N5: 1 | Q5: =sum(N5:P5) -> 1 | R5: 1 | U5: =sum(R5:T5) -> 1 | V5: =sum(E5,I5,M5,Q5,U5) -> 9 | W5: Academics | Y5: Main Catergories Analysis | Z5: #'s | AG5: Top 5 Categories
A6: Academic Standing | E6: =sum(B6:D6) -> 0 | I6: =sum(F6:H6) -> 0 | M6: =sum(J6:L6) -> 0 | Q6: =sum(N6:P6) -> 0 | U6: =sum(R6:T6) -> 0 | V6: =sum(E6,I6,M6,Q6,U6) -> 0 | W6: Academics | Y6: Academics | Z6: =SUMIF(W:W,"Academics",V:V) -> 82 | AH6: Inquiry | AI6: Amount
A7: Access Centre/Academic Accomodation Support | E7: =sum(B7:D7) -> 0 | I7: =sum(F7:H7) -> 0 | M7: =sum(J7:L7) -> 0 | Q7: =sum(N7:P7) -> 0 | U7: =sum(R7:T7) -> 0 | V7: =sum(E7,I7,M7,Q7,U7) -> 0 | W7: Academics | Y7: Referral | Z7: =SUMIF(W:W,"Referral",V:V) -> 44 | AG7: 1 | AH7: {=IFERROR(TEXTJOIN(", ", TRUE, IF($V$4:$V$84=AI7, $A$4:$A$84, "")), "")} -> Engineering Program Transition Courses | AI7: =LARGE($V$4:$V$84,1) -> 21
A8: ACES | E8: =sum(B8:D8) -> 0 | I8: =sum(F8:H8) -> 0 | M8: =sum(J8:L8) -> 0 | Q8: =sum(N8:P8) -> 0 | U8: =sum(R8:T8) -> 0 | V8: =sum(E8,I8,M8,Q8,U8) -> 0 | W8: Academics | Y8: Financial | Z8: =SUMIF(W:W,"Financial",V:V) -> 7 | AG8: 2 | AH8: {=IFERROR(TEXTJOIN(", ", TRUE, IF($V$4:$V$84=AI8, $A$4:$A$84, "")), "")} -> Course Enrollment | AI8: {=LARGE(IF($V$4:$V$84<>MAX($AI$7:AI7),$V$4:$V$84),1)} -> 18
A9: Admissions | B9: 2 | E9: =sum(B9:D9) -> 2 | I9: =sum(F9:H9) -> 0 | L9: 1 | M9: =sum(J9:L9) -> 1 | Q9: =sum(N9:P9) -> 0 | T9: 2 | U9: =sum(R9:T9) -> 2 | V9: =sum(E9,I9,M9,Q9,U9) -> 5 | W9: Referral | Y9: Mental Health and Wellness | Z9: =SUMIF(W:W, "Mental Health and Wellness", V:V) -> 3 | AG9: 3 | AH9: {=IFERROR(TEXTJOIN(", ", TRUE, IF($V$4:$V$84=AI9, $A$4:$A$84, "")), "")} -> Chang School | AI9: {=LARGE(IF($V$4:$V$84<>MAX($AI$7:AI7),IF($V$4:$V$84<>MAX($AI$8:AI8),$V$4:$V$84)),1)} -> 17
A10: Advisement Report | E10: =sum(B10:D10) -> 0 | I10: =sum(F10:H10) -> 0 | M10: =sum(J10:L10) -> 0 | Q10: =sum(N10:P10) -> 0 | U10: =sum(R10:T10) -> 0 | V10: =sum(E10,I10,M10,Q10,U10) -> 0 | W10: Academics | Y10: Other | Z10: =SUMIF(W:W, "Other", V:V) -> 13 | AG10: 4 | AH10: {=IFERROR(TEXTJOIN(", ", TRUE, IF($V$4:$V$84=AI10, $A$4:$A$84, "")), "")} -> Academic Consideration Requests (ACRs) - Missing Classes | AI10: {=LARGE(IF($V$4:$V$84<>MAX($AI$7:AI7), IF($V$4:$V$84<>MAX($AI$8:AI8), IF($V$4:$V$84<>MAX($AI$9:AI9), $V$4:$V$84))), 1)} -> 9
A11: Appeals | D11: 1 | E11: =sum(B11:D11) -> 1 | I11: =sum(F11:H11) -> 0 | L11: 1 | M11: =sum(J11:L11) -> 1 | Q11: =sum(N11:P11) -> 0 | U11: =sum(R11:T11) -> 0 | V11: =sum(E11,I11,M11,Q11,U11) -> 2 | W11: Referral | AG11: 5 | AH11: {=IFERROR(TEXTJOIN(", ", TRUE, IF($V$4:$V$84=AI11, $A$4:$A$84, "")), "")} -> Course Drop, Directions | AI11: {=LARGE(IF($V$4:$V$84<>MAX($AI$7:AI7), IF($V$4:$V$84<>MAX($AI$8:AI8), IF($V$4:$V$84<>MAX($AI$9:AI9), IF($V$4:$V$84<>MAX($AI$10:AI10), $V$4:$V$84)))), 1)} -> 7
A12: Awards/Scholarships | E12: =sum(B12:D12) -> 0 | I12: =sum(F12:H12) -> 0 | M12: =sum(J12:L12) -> 0 | Q12: =sum(N12:P12) -> 0 | U12: =sum(R12:T12) -> 0 | V12: =sum(E12,I12,M12,Q12,U12) -> 0 | W12: Referral
A13: Building and Campus access | E13: =sum(B13:D13) -> 0 | I13: =sum(F13:H13) -> 0 | M13: =sum(J13:L13) -> 0 | Q13: =sum(N13:P13) -> 0 | T13: 1 | U13: =sum(R13:T13) -> 1 | V13: =sum(E13,I13,M13,Q13,U13) -> 1 | W13: Referral | Y13: Inquiry Breakdown For Week
A14: Careers/Employment | E14: =sum(B14:D14) -> 0 | H14: 1 | I14: =sum(F14:H14) -> 1 | M14: =sum(J14:L14) -> 0 | Q14: =sum(N14:P14) -> 0 | U14: =sum(R14:T14) -> 0 | V14: =sum(E14,I14,M14,Q14,U14) -> 1 | W14: Referral | Z14: Monday | AA14: Tuesday | AB14: Wednesday | AC14: Thursday | AD14: Friday | AE14: Method
A15: CCS/Student Help Desk | E15: =sum(B15:D15) -> 0 | I15: =sum(F15:H15) -> 0 | M15: =sum(J15:L15) -> 0 | Q15: =sum(N15:P15) -> 0 | U15: =sum(R15:T15) -> 0 | V15: =sum(E15,I15,M15,Q15,U15) -> 0 | W15: Referral | Y15: Email | Z15: =B85 -> 28 | AA15: =F85 -> 11 | AB15: =J85 -> 10 | AC15: =N85 -> 7 | AD15: =R85 -> 3 | AE15: =sum(Z15:AD15) -> 59
A16: CEN100 | B16: 1 | E16: =sum(B16:D16) -> 1 | I16: =sum(F16:H16) -> 0 | M16: =sum(J16:L16) -> 0 | Q16: =sum(N16:P16) -> 0 | R16: 1 | U16: =sum(R16:T16) -> 1 | V16: =sum(E16,I16,M16,Q16,U16) -> 2 | W16: Academics | Y16: Phone | Z16: =C85 -> 0 | AA16: =G85 -> 0 | AB16: =K85 -> 0 | AC16: =O85 -> 0 | AD16: =S85 -> 0 | AE16: =sum(Z16:AD16) -> 0
A17: Chang School | B17: 1 | D17: 5 | E17: =sum(B17:D17) -> 6 | H17: 4 | I17: =sum(F17:H17) -> 4 | J17: 1 | L17: 4 | M17: =sum(J17:L17) -> 5 | N17: 1 | Q17: =sum(N17:P17) -> 1 | T17: 1 | U17: =sum(R17:T17) -> 1 | V17: =sum(E17,I17,M17,Q17,U17) -> 17 | W17: Referral | Y17: In-Person | Z17: =B86 -> 15 | AA17: =F86 -> 10 | AB17: =J86 -> 8 | AC17: =N86 -> 3 | AD17: =R86 -> 6 | AE17: =sum(Z17:AD17) -> 42
A18: Computer Labs | E18: =sum(B18:D18) -> 0 | I18: =sum(F18:H18) -> 0 | M18: =sum(J18:L18) -> 0 | Q18: =sum(N18:P18) -> 0 | U18: =sum(R18:T18) -> 0 | V18: =sum(E18,I18,M18,Q18,U18) -> 0 | W18: Referral | Y18: Inquiry Breakdown | Z18: =sum(Z15:Z17) -> 43 | AA18: =sum(AA15:AA17) -> 21 | AB18: =sum(AB15:AB17) -> 18 | AC18: =sum(AC15:AC17) -> 10 | AD18: =sum(AD15:AD17) -> 9 | AE18: =sum(Z18:AD18) -> 101
A19: Contact Info Requests | E19: =sum(B19:D19) -> 0 | I19: =sum(F19:H19) -> 0 | M19: =sum(J19:L19) -> 0 | Q19: =sum(N19:P19) -> 0 | U19: =sum(R19:T19) -> 0 | V19: =sum(E19,I19,M19,Q19,U19) -> 0 | W19: Referral
A20: Coop | E20: =sum(B20:D20) -> 0 | H20: 2 | I20: =sum(F20:H20) -> 2 | M20: =sum(J20:L20) -> 0 | Q20: =sum(N20:P20) -> 0 | U20: =sum(R20:T20) -> 0 | V20: =sum(E20,I20,M20,Q20,U20) -> 2 | W20: Referral
A21: Counselling Centre Appointments | B21: 1 | E21: =sum(B21:D21) -> 1 | I21: =sum(F21:H21) -> 0 | M21: =sum(J21:L21) -> 0 | Q21: =sum(N21:P21) -> 0 | U21: =sum(R21:T21) -> 0 | V21: =sum(E21,I21,M21,Q21,U21) -> 1 | W21: Mental Health and Wellness | Y21: Inquiry Timings - Monday
A22: Course Delivery | E22: =sum(B22:D22) -> 0 | I22: =sum(F22:H22) -> 0 | M22: =sum(J22:L22) -> 0 | P22: 1 | Q22: =sum(N22:P22) -> 1 | U22: =sum(R22:T22) -> 0 | V22: =sum(E22,I22,M22,Q22,U22) -> 1 | W22: Referral | Y22: Time | Z22: Number of People | AA22: Topic of inquiries | AB22: Phone | AC22: In-Person
A23: Course Drop | B23: 1 | E23: =sum(B23:D23) -> 1 | F23: 2 | I23: =sum(F23:H23) -> 2 | L23: 1 | M23: =sum(J23:L23) -> 1 | N23: 2 | Q23: =sum(N23:P23) -> 2 | T23: 1 | U23: =sum(R23:T23) -> 1 | V23: =sum(E23,I23,M23,Q23,U23) -> 7 | W23: Academics | Y23: 45179 | AB23: FALSE | AC23: FALSE
A24: Course Enrollment | D24: 4 | E24: =sum(B24:D24) -> 4 | F24: 1 | H24: 1 | I24: =sum(F24:H24) -> 2 | J24: 1 | L24: 8 | M24: =sum(J24:L24) -> 9 | N24: 1 | Q24: =sum(N24:P24) -> 1 | T24: 2 | U24: =sum(R24:T24) -> 2 | V24: =sum(E24,I24,M24,Q24,U24) -> 18 | W24: Academics | Y24: 45210 | AB24: FALSE | AC24: FALSE
A25: Course Intentions | E25: =sum(B25:D25) -> 0 | I25: =sum(F25:H25) -> 0 | M25: =sum(J25:L25) -> 0 | Q25: =sum(N25:P25) -> 0 | U25: =sum(R25:T25) -> 0 | V25: =sum(E25,I25,M25,Q25,U25) -> 0 | W25: Academics | Y25: 45242 | AB25: FALSE | AC25: FALSE
A26: Course Outlines | B26: 1 | E26: =sum(B26:D26) -> 1 | I26: =sum(F26:H26) -> 0 | M26: =sum(J26:L26) -> 0 | Q26: =sum(N26:P26) -> 0 | U26: =sum(R26:T26) -> 0 | V26: =sum(E26,I26,M26,Q26,U26) -> 1 | W26: Referral | Y26: 45261 | AB26: FALSE | AC26: FALSE
A27: Course Planning/Course Load management | E27: =sum(B27:D27) -> 0 | I27: =sum(F27:H27) -> 0 | M27: =sum(J27:L27) -> 0 | Q27: =sum(N27:P27) -> 0 | U27: =sum(R27:T27) -> 0 | V27: =sum(E27,I27,M27,Q27,U27) -> 0 | W27: Academics | Y27: 44928 | AB27: FALSE | AC27: FALSE
A28: Course Swap | E28: =sum(B28:D28) -> 0 | I28: =sum(F28:H28) -> 0 | M28: =sum(J28:L28) -> 0 | Q28: =sum(N28:P28) -> 0 | U28: =sum(R28:T28) -> 0 | V28: =sum(E28,I28,M28,Q28,U28) -> 0 | W28: Academics | Y28: 44960 | AB28: FALSE | AC28: FALSE
A29: D2L | B29: 2 | E29: =sum(B29:D29) -> 2 | I29: =sum(F29:H29) -> 0 | L29: 1 | M29: =sum(J29:L29) -> 1 | Q29: =sum(N29:P29) -> 0 | U29: =sum(R29:T29) -> 0 | V29: =sum(E29,I29,M29,Q29,U29) -> 3 | W29: Academics | Y29: 44989 | AB29: FALSE | AC29: FALSE
A30: Directions | E30: =sum(B30:D30) -> 0 | H30: 4 | I30: =sum(F30:H30) -> 4 | M30: =sum(J30:L30) -> 0 | P30: 1 | Q30: =sum(N30:P30) -> 1 | T30: 2 | U30: =sum(R30:T30) -> 2 | V30: =sum(E30,I30,M30,Q30,U30) -> 7 | W30: Other
A31: Discipline | E31: =sum(B31:D31) -> 0 | I31: =sum(F31:H31) -> 0 | M31: =sum(J31:L31) -> 0 | Q31: =sum(N31:P31) -> 0 | U31: =sum(R31:T31) -> 0 | V31: =sum(E31,I31,M31,Q31,U31) -> 0 | W31: Referral
A32: Early Intervention | E32: =sum(B32:D32) -> 0 | I32: =sum(F32:H32) -> 0 | M32: =sum(J32:L32) -> 0 | Q32: =sum(N32:P32) -> 0 | U32: =sum(R32:T32) -> 0 | V32: =sum(E32,I32,M32,Q32,U32) -> 0 | W32: Academics | Y32: Inquiry Timings - Tuesday
A33: Engineering Program Transition Courses | B33: 8 | D33: 1 | E33: =sum(B33:D33) -> 9 | F33: 2 | H33: 5 | I33: =sum(F33:H33) -> 7 | J33: 1 | L33: 3 | M33: =sum(J33:L33) -> 4 | P33: 1 | Q33: =sum(N33:P33) -> 1 | U33: =sum(R33:T33) -> 0 | V33: =sum(E33,I33,M33,Q33,U33) -> 21 | W33: Academics | Y33: Time | Z33: Number of People | AA33: Topic of inquiries | AB33: Phone | AC33: In-Person
A34: Enrollment Period | D34: 1 | E34: =sum(B34:D34) -> 1 | I34: =sum(F34:H34) -> 0 | M34: =sum(J34:L34) -> 0 | Q34: =sum(N34:P34) -> 0 | U34: =sum(R34:T34) -> 0 | V34: =sum(E34,I34,M34,Q34,U34) -> 1 | W34: Academics | Y34: 45179 | AB34: FALSE | AC34: FALSE
A35: Exams/Mid-Terms | E35: =sum(B35:D35) -> 0 | I35: =sum(F35:H35) -> 0 | M35: =sum(J35:L35) -> 0 | Q35: =sum(N35:P35) -> 0 | U35: =sum(R35:T35) -> 0 | V35: =sum(E35,I35,M35,Q35,U35) -> 0 | W35: Academics | Y35: 45210 | AB35: FALSE | AC35: FALSE
A36: Fees | B36: 1 | D36: 2 | E36: =sum(B36:D36) -> 3 | H36: 1 | I36: =sum(F36:H36) -> 1 | M36: =sum(J36:L36) -> 0 | Q36: =sum(N36:P36) -> 0 | U36: =sum(R36:T36) -> 0 | V36: =sum(E36,I36,M36,Q36,U36) -> 4 | W36: Financial | Y36: 45242 | AB36: FALSE | AC36: FALSE
A37: First Year Ambassador Program | E37: =sum(B37:D37) -> 0 | H37: 1 | I37: =sum(F37:H37) -> 1 | M37: =sum(J37:L37) -> 0 | Q37: =sum(N37:P37) -> 0 | U37: =sum(R37:T37) -> 0 | V37: =sum(E37,I37,M37,Q37,U37) -> 1 | W37: Academics | Y37: 45261 | AB37: FALSE | AC37: FALSE
A38: First Year in Two Years | E38: =sum(B38:D38) -> 0 | H38: 1 | I38: =sum(F38:H38) -> 1 | M38: =sum(J38:L38) -> 0 | Q38: =sum(N38:P38) -> 0 | U38: =sum(R38:T38) -> 0 | V38: =sum(E38,I38,M38,Q38,U38) -> 1 | W38: Academics | Y38: 44928 | AB38: FALSE | AC38: FALSE
A39: Fresh Start / Reinstatement | E39: =sum(B39:D39) -> 0 | I39: =sum(F39:H39) -> 0 | M39: =sum(J39:L39) -> 0 | Q39: =sum(N39:P39) -> 0 | U39: =sum(R39:T39) -> 0 | V39: =sum(E39,I39,M39,Q39,U39) -> 0 | W39: Academics | Y39: 44960 | AB39: FALSE | AC39: FALSE
A40: General Academic Advising | E40: =sum(B40:D40) -> 0 | I40: =sum(F40:H40) -> 0 | M40: =sum(J40:L40) -> 0 | Q40: =sum(N40:P40) -> 0 | U40: =sum(R40:T40) -> 0 | V40: =sum(E40,I40,M40,Q40,U40) -> 0 | W40: Academics | Y40: 44989 | AB40: FALSE | AC40: FALSE
A41: GPA/CGPA | E41: =sum(B41:D41) -> 0 | H41: 1 | I41: =sum(F41:H41) -> 1 | M41: =sum(J41:L41) -> 0 | Q41: =sum(N41:P41) -> 0 | U41: =sum(R41:T41) -> 0 | V41: =sum(E41,I41,M41,Q41,U41) -> 1 | W41: Academics
A42: Graduate Studies | E42: =sum(B42:D42) -> 0 | I42: =sum(F42:H42) -> 0 | M42: =sum(J42:L42) -> 0 | Q42: =sum(N42:P42) -> 0 | U42: =sum(R42:T42) -> 0 | V42: =sum(E42,I42,M42,Q42,U42) -> 0 | W42: Referral | Y42: Inquiry Timings - Wednesday
A43: Holidays, e.g. Reading Week, Stat Holidays, etc | E43: =sum(B43:D43) -> 0 | I43: =sum(F43:H43) -> 0 | M43: =sum(J43:L43) -> 0 | Q43: =sum(N43:P43) -> 0 | U43: =sum(R43:T43) -> 0 | V43: =sum(E43,I43,M43,Q43,U43) -> 0 | W43: Other | Y43: Time | Z43: Number of People | AA43: Topic of inquiries | AB43: Phone | AC43: In-Person
A44: International Student Support | E44: =sum(B44:D44) -> 0 | I44: =sum(F44:H44) -> 0 | M44: =sum(J44:L44) -> 0 | Q44: =sum(N44:P44) -> 0 | U44: =sum(R44:T44) -> 0 | V44: =sum(E44,I44,M44,Q44,U44) -> 0 | W44: Referral | Y44: 45179 | AB44: FALSE | AC44: FALSE
A45: Letter of Permission/Taking Courses outside TMU | E45: =sum(B45:D45) -> 0 | I45: =sum(F45:H45) -> 0 | M45: =sum(J45:L45) -> 0 | Q45: =sum(N45:P45) -> 0 | U45: =sum(R45:T45) -> 0 | V45: =sum(E45,I45,M45,Q45,U45) -> 0 | W45: Referral | Y45: 45210 | AB45: FALSE | AC45: FALSE
A46: Liberals | B46: 1 | E46: =sum(B46:D46) -> 1 | H46: 1 | I46: =sum(F46:H46) -> 1 | M46: =sum(J46:L46) -> 0 | Q46: =sum(N46:P46) -> 0 | U46: =sum(R46:T46) -> 0 | V46: =sum(E46,I46,M46,Q46,U46) -> 2 | W46: Academics | Y46: 45242 | AB46: FALSE | AC46: FALSE
A47: Lockers | E47: =sum(B47:D47) -> 0 | H47: 1 | I47: =sum(F47:H47) -> 1 | M47: =sum(J47:L47) -> 0 | Q47: =sum(N47:P47) -> 0 | U47: =sum(R47:T47) -> 0 | V47: =sum(E47,I47,M47,Q47,U47) -> 1 | W47: Other | Y47: 45261 | AB47: FALSE | AC47: FALSE
A48: Lost and Found | E48: =sum(B48:D48) -> 0 | I48: =sum(F48:H48) -> 0 | M48: =sum(J48:L48) -> 0 | Q48: =sum(N48:P48) -> 0 | U48: =sum(R48:T48) -> 0 | V48: =sum(E48,I48,M48,Q48,U48) -> 0 | W48: Other | Y48: 44928 | AB48: FALSE | AC48: FALSE
A49: Math Centre | E49: =sum(B49:D49) -> 0 | I49: =sum(F49:H49) -> 0 | M49: =sum(J49:L49) -> 0 | Q49: =sum(N49:P49) -> 0 | U49: =sum(R49:T49) -> 0 | V49: =sum(E49,I49,M49,Q49,U49) -> 0 | W49: Academics | Y49: 44960 | AB49: FALSE | AC49: FALSE
A50: Mentoring | E50: =sum(B50:D50) -> 0 | I50: =sum(F50:H50) -> 0 | M50: =sum(J50:L50) -> 0 | Q50: =sum(N50:P50) -> 0 | U50: =sum(R50:T50) -> 0 | V50: =sum(E50,I50,M50,Q50,U50) -> 0 | W50: Academics | Y50: 44989 | AB50: FALSE | AC50: FALSE
A51: Mini Math | E51: =sum(B51:D51) -> 0 | I51: =sum(F51:H51) -> 0 | M51: =sum(J51:L51) -> 0 | Q51: =sum(N51:P51) -> 0 | U51: =sum(R51:T51) -> 0 | V51: =sum(E51,I51,M51,Q51,U51) -> 0 | W51: Academics
A52: Minors | E52: =sum(B52:D52) -> 0 | I52: =sum(F52:H52) -> 0 | M52: =sum(J52:L52) -> 0 | Q52: =sum(N52:P52) -> 0 | U52: =sum(R52:T52) -> 0 | V52: =sum(E52,I52,M52,Q52,U52) -> 0 | W52: Academics | Y52: Inquiry Timings - Thursday
A53: MyServiceHub Navigation | E53: =sum(B53:D53) -> 0 | I53: =sum(F53:H53) -> 0 | L53: 1 | M53: =sum(J53:L53) -> 1 | Q53: =sum(N53:P53) -> 0 | U53: =sum(R53:T53) -> 0 | V53: =sum(E53,I53,M53,Q53,U53) -> 1 | W53: Other | Y53: Time | Z53: Number of People | AA53: Topic of inquiries | AB53: Phone | AC53: In-Person
A54: One Card | E54: =sum(B54:D54) -> 0 | I54: =sum(F54:H54) -> 0 | M54: =sum(J54:L54) -> 0 | Q54: =sum(N54:P54) -> 0 | U54: =sum(R54:T54) -> 0 | V54: =sum(E54,I54,M54,Q54,U54) -> 0 | W54: Referral | Y54: 45179 | AB54: FALSE | AC54: FALSE
A55: Orientation | E55: =sum(B55:D55) -> 0 | I55: =sum(F55:H55) -> 0 | M55: =sum(J55:L55) -> 0 | Q55: =sum(N55:P55) -> 0 | U55: =sum(R55:T55) -> 0 | V55: =sum(E55,I55,M55,Q55,U55) -> 0 | W55: Other | Y55: 45210 | AB55: FALSE | AC55: FALSE
A56: OSAP | E56: =sum(B56:D56) -> 0 | F56: 1 | H56: 1 | I56: =sum(F56:H56) -> 2 | M56: =sum(J56:L56) -> 0 | N56: 1 | Q56: =sum(N56:P56) -> 1 | U56: =sum(R56:T56) -> 0 | V56: =sum(E56,I56,M56,Q56,U56) -> 3 | W56: Financial | Y56: 45242 | AB56: FALSE | AC56: FALSE
A57: OSMS/OSEIE | B57: 1 | E57: =sum(B57:D57) -> 1 | H57: 1 | I57: =sum(F57:H57) -> 1 | M57: =sum(J57:L57) -> 0 | Q57: =sum(N57:P57) -> 0 | U57: =sum(R57:T57) -> 0 | V57: =sum(E57,I57,M57,Q57,U57) -> 2 | W57: Other | Y57: 45261 | AB57: FALSE | AC57: FALSE
A58: Other | D58: 1 | E58: =sum(B58:D58) -> 1 | I58: =sum(F58:H58) -> 0 | J58: 1 | M58: =sum(J58:L58) -> 1 | Q58: =sum(N58:P58) -> 0 | U58: =sum(R58:T58) -> 0 | V58: =sum(E58,I58,M58,Q58,U58) -> 2 | W58: Academics | Y58: 44928 | AB58: FALSE | AC58: FALSE
A59: Parents Night | E59: =sum(B59:D59) -> 0 | I59: =sum(F59:H59) -> 0 | M59: =sum(J59:L59) -> 0 | Q59: =sum(N59:P59) -> 0 | U59: =sum(R59:T59) -> 0 | V59: =sum(E59,I59,M59,Q59,U59) -> 0 | W59: Other | Y59: 44960 | AB59: FALSE | AC59: FALSE
A60: Plan Change | B60: 1 | D60: 1 | E60: =sum(B60:D60) -> 2 | F60: 2 | I60: =sum(F60:H60) -> 2 | J60: 2 | M60: =sum(J60:L60) -> 2 | Q60: =sum(N60:P60) -> 0 | U60: =sum(R60:T60) -> 0 | V60: =sum(E60,I60,M60,Q60,U60) -> 6 | W60: Academics | Y60: 44989 | AB60: FALSE | AC60: FALSE
A61: Printing | E61: =sum(B61:D61) -> 0 | I61: =sum(F61:H61) -> 0 | M61: =sum(J61:L61) -> 0 | Q61: =sum(N61:P61) -> 0 | U61: =sum(R61:T61) -> 0 | V61: =sum(E61,I61,M61,Q61,U61) -> 0 | W61: Academics
A62: Probation Contract | E62: =sum(B62:D62) -> 0 | I62: =sum(F62:H62) -> 0 | M62: =sum(J62:L62) -> 0 | Q62: =sum(N62:P62) -> 0 | U62: =sum(R62:T62) -> 0 | V62: =sum(E62,I62,M62,Q62,U62) -> 0 | W62: Academics | Y62: Inquiry Timings - Friday
A63: Probationary Standing | E63: =sum(B63:D63) -> 0 | H63: 1 | I63: =sum(F63:H63) -> 1 | M63: =sum(J63:L63) -> 0 | Q63: =sum(N63:P63) -> 0 | U63: =sum(R63:T63) -> 0 | V63: =sum(E63,I63,M63,Q63,U63) -> 1 | W63: Academics | Y63: Time | Z63: Number of People | AA63: Topic of inquiries | AB63: Phone | AC63: In-Person
A64: Promotion to 2nd Year | E64: =sum(B64:D64) -> 0 | I64: =sum(F64:H64) -> 0 | M64: =sum(J64:L64) -> 0 | Q64: =sum(N64:P64) -> 0 | U64: =sum(R64:T64) -> 0 | V64: =sum(E64,I64,M64,Q64,U64) -> 0 | W64: Academics | Y64: 45179 | AB64: FALSE | AC64: FALSE
A65: Proof of Enrollment/3rd Party Letter Request | D65: 1 | E65: =sum(B65:D65) -> 1 | I65: =sum(F65:H65) -> 0 | J65: 1 | M65: =sum(J65:L65) -> 1 | Q65: =sum(N65:P65) -> 0 | U65: =sum(R65:T65) -> 0 | V65: =sum(E65,I65,M65,Q65,U65) -> 2 | W65: Referral | Y65: 45210 | AB65: FALSE | AC65: FALSE
A66: Required to Withdraw (RTW) | D66: 1 | E66: =sum(B66:D66) -> 1 | I66: =sum(F66:H66) -> 0 | M66: =sum(J66:L66) -> 0 | Q66: =sum(N66:P66) -> 0 | U66: =sum(R66:T66) -> 0 | V66: =sum(E66,I66,M66,Q66,U66) -> 1 | W66: Academics | Y66: 45242 | AB66: FALSE | AC66: FALSE
A67: Residence/Student Housing | E67: =sum(B67:D67) -> 0 | I67: =sum(F67:H67) -> 0 | M67: =sum(J67:L67) -> 0 | Q67: =sum(N67:P67) -> 0 | U67: =sum(R67:T67) -> 0 | V67: =sum(E67,I67,M67,Q67,U67) -> 0 | W67: Referral | Y67: 45261 | AB67: FALSE | AC67: FALSE
A68: Retroactive Course Drop | E68: =sum(B68:D68) -> 0 | I68: =sum(F68:H68) -> 0 | M68: =sum(J68:L68) -> 0 | Q68: =sum(N68:P68) -> 0 | U68: =sum(R68:T68) -> 0 | V68: =sum(E68,I68,M68,Q68,U68) -> 0 | W68: Academics | Y68: 44928 | AB68: FALSE | AC68: FALSE
A69: Service Hub | D69: 1 | E69: =sum(B69:D69) -> 1 | I69: =sum(F69:H69) -> 0 | L69: 1 | M69: =sum(J69:L69) -> 1 | P69: 1 | Q69: =sum(N69:P69) -> 1 | R69: 1 | T69: 1 | U69: =sum(R69:T69) -> 2 | V69: =sum(E69,I69,M69,Q69,U69) -> 5 | W69: Referral | Y69: 44960 | AB69: FALSE | AC69: FALSE
A70: Special Student (Not enrolled in Engineering at TMU) | E70: =sum(B70:D70) -> 0 | I70: =sum(F70:H70) -> 0 | M70: =sum(J70:L70) -> 0 | Q70: =sum(N70:P70) -> 0 | U70: =sum(R70:T70) -> 0 | V70: =sum(E70,I70,M70,Q70,U70) -> 0 | W70: Academics | Y70: 44989 | AB70: FALSE | AC70: FALSE
A71: Student Clubs - General | E71: =sum(B71:D71) -> 0 | H71: 1 | I71: =sum(F71:H71) -> 1 | M71: =sum(J71:L71) -> 0 | P71: 1 | Q71: =sum(N71:P71) -> 1 | U71: =sum(R71:T71) -> 0 | V71: =sum(E71,I71,M71,Q71,U71) -> 2 | W71: Mental Health and Wellness
A72: Student Life and Learning Support (SLLS) | E72: =sum(B72:D72) -> 0 | I72: =sum(F72:H72) -> 0 | M72: =sum(J72:L72) -> 0 | Q72: =sum(N72:P72) -> 0 | U72: =sum(R72:T72) -> 0 | V72: =sum(E72,I72,M72,Q72,U72) -> 0 | W72: Mental Health and Wellness
A73: Study Halls | B73: 1 | E73: =sum(B73:D73) -> 1 | I73: =sum(F73:H73) -> 0 | M73: =sum(J73:L73) -> 0 | Q73: =sum(N73:P73) -> 0 | U73: =sum(R73:T73) -> 0 | V73: =sum(E73,I73,M73,Q73,U73) -> 1 | W73: Academics
A74: Supplies Request, e.g. stapler, scissor, etc | E74: =sum(B74:D74) -> 0 | H74: 1 | I74: =sum(F74:H74) -> 1 | M74: =sum(J74:L74) -> 0 | P74: 1 | Q74: =sum(N74:P74) -> 1 | U74: =sum(R74:T74) -> 0 | V74: =sum(E74,I74,M74,Q74,U74) -> 2 | W74: Other
A75: Test Center/Makeup Exam | E75: =sum(B75:D75) -> 0 | I75: =sum(F75:H75) -> 0 | M75: =sum(J75:L75) -> 0 | Q75: =sum(N75:P75) -> 0 | U75: =sum(R75:T75) -> 0 | V75: =sum(E75,I75,M75,Q75,U75) -> 0 | W75: Referral
A76: Toronto Mentropolitan Student Union (TMSU) | E76: =sum(B76:D76) -> 0 | I76: =sum(F76:H76) -> 0 | M76: =sum(J76:L76) -> 0 | Q76: =sum(N76:P76) -> 0 | U76: =sum(R76:T76) -> 0 | V76: =sum(E76,I76,M76,Q76,U76) -> 0 | W76: Mental Health and Wellness
A77: Transfer Credits | E77: =sum(B77:D77) -> 0 | I77: =sum(F77:H77) -> 0 | M77: =sum(J77:L77) -> 0 | Q77: =sum(N77:P77) -> 0 | U77: =sum(R77:T77) -> 0 | V77: =sum(E77,I77,M77,Q77,U77) -> 0 | W77: Referral
A78: Transferring Programs - Outside of Engineering | E78: =sum(B78:D78) -> 0 | H78: 1 | I78: =sum(F78:H78) -> 1 | M78: =sum(J78:L78) -> 0 | Q78: =sum(N78:P78) -> 0 | U78: =sum(R78:T78) -> 0 | V78: =sum(E78,I78,M78,Q78,U78) -> 1 | W78: Referral
A79: Tutoring - Student Learning Support | E79: =sum(B79:D79) -> 0 | I79: =sum(F79:H79) -> 0 | M79: =sum(J79:L79) -> 0 | Q79: =sum(N79:P79) -> 0 | U79: =sum(R79:T79) -> 0 | V79: =sum(E79,I79,M79,Q79,U79) -> 0 | W79: Academics
A80: Upper Year Students | B80: 1 | E80: =sum(B80:D80) -> 1 | F80: 1 | H80: 1 | I80: =sum(F80:H80) -> 2 | L80: 1 | M80: =sum(J80:L80) -> 1 | N80: 1 | Q80: =sum(N80:P80) -> 1 | T80: 1 | U80: =sum(R80:T80) -> 1 | V80: =sum(E80,I80,M80,Q80,U80) -> 6 | W80: Referral
A81: Wait List | E81: =sum(B81:D81) -> 0 | I81: =sum(F81:H81) -> 0 | M81: =sum(J81:L81) -> 0 | Q81: =sum(N81:P81) -> 0 | U81: =sum(R81:T81) -> 0 | V81: =sum(E81,I81,M81,Q81,U81) -> 0 | W81: Academics
A82: Withdrawal - Permanent | E82: =sum(B82:D82) -> 0 | I82: =sum(F82:H82) -> 0 | M82: =sum(J82:L82) -> 0 | Q82: =sum(N82:P82) -> 0 | U82: =sum(R82:T82) -> 0 | V82: =sum(E82,I82,M82,Q82,U82) -> 0 | W82: Academics
A83: Withdrawal - Short Term | B83: 2 | E83: =sum(B83:D83) -> 2 | I83: =sum(F83:H83) -> 0 | M83: =sum(J83:L83) -> 0 | Q83: =sum(N83:P83) -> 0 | U83: =sum(R83:T83) -> 0 | V83: =sum(E83,I83,M83,Q83,U83) -> 2 | W83: Academics
A84: Writing Test/CEN 199 | B84: 1 | E84: =sum(B84:D84) -> 1 | I84: =sum(F84:H84) -> 0 | M84: =sum(J84:L84) -> 0 | Q84: =sum(N84:P84) -> 0 | U84: =sum(R84:T84) -> 0 | V84: =sum(E84,I84,M84,Q84,U84) -> 1 | W84: Academics
A85: Full Daily Total | B85: =sum(B4:B84) -> 28 | C85: =sum(C4:C84) -> 0 | D85: =sum(D4:D84) -> 20 | F85: =sum(F4:F84) -> 11 | G85: =sum(G4:G84) -> 0 | H85: =sum(H4:H84) -> 30 | J85: =sum(J4:J84) -> 10 | K85: =sum(K4:K84) -> 0 | L85: =sum(L4:L84) -> 23 | N85: =sum(N4:N84) -> 7 | O85: =sum(O4:O84) -> 0 | P85: =sum(P4:P84) -> 6 | R85: =sum(R4:R84) -> 3 | S85: =sum(S4:S84) -> 0 | T85: =sum(T4:T84) -> 11
A86: PEOPLE | B86: 15 | F86: 10 | J86: 8 | N86: 3 | R86: 6

Sheet W3
B1: 45334 | F1: 45335 | J1: 45336 | N1: 45337 | R1: 45338
A3: Inquiry/Response | B3: Email | C3: Phone | D3: In-per | E3: D-Total | F3: Email | G3: Phone | H3: In-per | I3: D-Total | J3: Email | K3: Phone | L3: In-per | M3: D-Total | N3: Email | O3: Phone | P3: In-per | Q3: D-Total | R3: Email | S3: Phone | T3: In-per | U3: D-Total | V3: Prim-Catgry Tot | W3: Categories
A4: Academic Advising Appointments | E4: =sum(B4:D4) -> 0 | F4: 1 | I4: =sum(F4:H4) -> 1 | M4: =sum(J4:L4) -> 0 | P4: 1 | Q4: =sum(N4:P4) -> 1 | R4: 1 | T4: 2 | U4: =sum(R4:T4) -> 3 | V4: =sum(E4,I4,M4,Q4,U4) -> 5 | W4: Academics
A5: Academic Consideration Requests (ACRs) - Missing Classes | B5: 4 | D5: 1 | E5: =sum(B5:D5) -> 5 | F5: 2 | H5: 1 | I5: =sum(F5:H5) -> 3 | J5: 1 | L5: 2 | M5: =sum(J5:L5) -> 3 | Q5: =sum(N5:P5) -> 0 | R5: 4 | T5: 1 | U5: =sum(R5:T5) -> 5 | V5: =sum(E5,I5,M5,Q5,U5) -> 16 | W5: Academics | Y5: Main Catergories Analysis | Z5: #'s | AG5: Top 5 Categories
A6: Academic Standing | E6: =sum(B6:D6) -> 0 | I6: =sum(F6:H6) -> 0 | M6: =sum(J6:L6) -> 0 | Q6: =sum(N6:P6) -> 0 | U6: =sum(R6:T6) -> 0 | V6: =sum(E6,I6,M6,Q6,U6) -> 0 | W6: Academics | Y6: Academics | Z6: =SUMIF(W:W,"Academics",V:V) -> 50 | AH6: Inquiry | AI6: Amount
A7: Access Centre/Academic Accomodation Support | E7: =sum(B7:D7) -> 0 | I7: =sum(F7:H7) -> 0 | M7: =sum(J7:L7) -> 0 | Q7: =sum(N7:P7) -> 0 | U7: =sum(R7:T7) -> 0 | V7: =sum(E7,I7,M7,Q7,U7) -> 0 | W7: Academics | Y7: Referral | Z7: =SUMIF(W:W,"Referral",V:V) -> 13 | AG7: 1 | AH7: {=IFERROR(TEXTJOIN(", ", TRUE, IF($V$4:$V$84=AI7, $A$4:$A$84, "")), "")} -> Academic Consideration Requests (ACRs) - Missing Classes | AI7: =LARGE($V$4:$V$84,1) -> 16
A8: ACES | B8: 1 | E8: =sum(B8:D8) -> 1 | I8: =sum(F8:H8) -> 0 | M8: =sum(J8:L8) -> 0 | Q8: =sum(N8:P8) -> 0 | U8: =sum(R8:T8) -> 0 | V8: =sum(E8,I8,M8,Q8,U8) -> 1 | W8: Academics | Y8: Financial | Z8: =SUMIF(W:W,"Financial",V:V) -> 4 | AG8: 2 | AH8: {=IFERROR(TEXTJOIN(", ", TRUE, IF($V$4:$V$84=AI8, $A$4:$A$84, "")), "")} -> Course Enrollment | AI8: {=LARGE(IF($V$4:$V$84<>MAX($AI$7:AI7),$V$4:$V$84),1)} -> 7
A9: Admissions | D9: 1 | E9: =sum(B9:D9) -> 1 | F9: 1 | I9: =sum(F9:H9) -> 1 | L9: 1 | M9: =sum(J9:L9) -> 1 | Q9: =sum(N9:P9) -> 0 | U9: =sum(R9:T9) -> 0 | V9: =sum(E9,I9,M9,Q9,U9) -> 3 | W9: Referral | Y9: Mental Health and Wellness | Z9: =SUMIF(W:W, "Mental Health and Wellness", V:V) -> 0 | AG9: 3 | AH9: {=IFERROR(TEXTJOIN(", ", TRUE, IF($V$4:$V$84=AI9, $A$4:$A$84, "")), "")} -> Chang School | AI9: {=LARGE(IF($V$4:$V$84<>MAX($AI$7:AI7),IF($V$4:$V$84<>MAX($AI$8:AI8),$V$4:$V$84)),1)} -> 6
A10: Advisement Report | E10: =sum(B10:D10) -> 0 | I10: =sum(F10:H10) -> 0 | M10: =sum(J10:L10) -> 0 | Q10: =sum(N10:P10) -> 0 | U10: =sum(R10:T10) -> 0 | V10: =sum(E10,I10,M10,Q10,U10) -> 0 | W10: Academics | Y10: Other | Z10: =SUMIF(W:W, "Other", V:V) -> 13 | AG10: 4 | AH10: {=IFERROR(TEXTJOIN(", ", TRUE, IF($V$4:$V$84=AI10, $A$4:$A$84, "")), "")} -> Academic Advising Appointments, Directions, Supplies Request, e.g. stapler, scissor, etc | AI10: {=LARGE(IF($V$4:$V$84<>MAX($AI$7:AI7), IF($V$4:$V$84<>MAX($AI$8:AI8), IF($V$4:$V$84<>MAX($AI$9:AI9), $V$4:$V$84))), 1)} -> 5
A11: Appeals | E11: =sum(B11:D11) -> 0 | I11: =sum(F11:H11) -> 0 | M11: =sum(J11:L11) -> 0 | Q11: =sum(N11:P11) -> 0 | R11: 1 | U11: =sum(R11:T11) -> 1 | V11: =sum(E11,I11,M11,Q11,U11) -> 1 | W11: Referral | AG11: 5 | AH11: {=IFERROR(TEXTJOIN(", ", TRUE, IF($V$4:$V$84=AI11, $A$4:$A$84, "")), "")} -> Plan Change | AI11: {=LARGE(IF($V$4:$V$84<>MAX($AI$7:AI7), IF($V$4:$V$84<>MAX($AI$8:AI8), IF($V$4:$V$84<>MAX($AI$9:AI9), IF($V$4:$V$84<>MAX($AI$10:AI10), $V$4:$V$84)))), 1)} -> 4
A12: Awards/Scholarships | E12: =sum(B12:D12) -> 0 | I12: =sum(F12:H12) -> 0 | M12: =sum(J12:L12) -> 0 | Q12: =sum(N12:P12) -> 0 | U12: =sum(R12:T12) -> 0 | V12: =sum(E12,I12,M12,Q12,U12) -> 0 | W12: Referral
A13: Building and Campus access | E13: =sum(B13:D13) -> 0 | I13: =sum(F13:H13) -> 0 | M13: =sum(J13:L13) -> 0 | Q13: =sum(N13:P13) -> 0 | U13: =sum(R13:T13) -> 0 | V13: =sum(E13,I13,M13,Q13,U13) -> 0 | W13: Referral | Y13: Inquiry Breakdown For Week
A14: Careers/Employment | E14: =sum(B14:D14) -> 0 | I14: =sum(F14:H14) -> 0 | M14: =sum(J14:L14) -> 0 | Q14: =sum(N14:P14) -> 0 | U14: =sum(R14:T14) -> 0 | V14: =sum(E14,I14,M14,Q14,U14) -> 0 | W14: Referral | Z14: Monday | AA14: Tuesday | AB14: Wednesday | AC14: Thursday | AD14: Friday | AE14: Method
A15: CCS/Student Help Desk | D15: 1 | E15: =sum(B15:D15) -> 1 | I15: =sum(F15:H15) -> 0 | M15: =sum(J15:L15) -> 0 | Q15: =sum(N15:P15) -> 0 | U15: =sum(R15:T15) -> 0 | V15: =sum(E15,I15,M15,Q15,U15) -> 1 | W15: Referral | Y15: Email | Z15: =B85 -> 12 | AA15: =F85 -> 9 | AB15: =J85 -> 2 | AC15: =N85 -> 1 | AD15: =R85 -> 9 | AE15: =sum(Z15:AD15) -> 33
A16: CEN100 | E16: =sum(B16:D16) -> 0 | I16: =sum(F16:H16) -> 0 | M16: =sum(J16:L16) -> 0 | Q16: =sum(N16:P16) -> 0 | U16: =sum(R16:T16) -> 0 | V16: =sum(E16,I16,M16,Q16,U16) -> 0 | W16: Academics | Y16: Phone | Z16: =C85 -> 0 | AA16: =G85 -> 0 | AB16: =K85 -> 4 | AC16: =O85 -> 0 | AD16: =S85 -> 0 | AE16: =sum(Z16:AD16) -> 4
A17: Chang School | B17: 1 | E17: =sum(B17:D17) -> 1 | F17: 1 | H17: 1 | I17: =sum(F17:H17) -> 2 | M17: =sum(J17:L17) -> 0 | Q17: =sum(N17:P17) -> 0 | R17: 1 | T17: 2 | U17: =sum(R17:T17) -> 3 | V17: =sum(E17,I17,M17,Q17,U17) -> 6 | W17: Referral | Y17: In-Person | Z17: =B86 -> 6 | AA17: =F86 -> 11 | AB17: =J86 -> 7 | AC17: =N86 -> 4 | AD17: =R86 -> 5 | AE17: =sum(Z17:AD17) -> 33
A18: Computer Labs | E18: =sum(B18:D18) -> 0 | I18: =sum(F18:H18) -> 0 | M18: =sum(J18:L18) -> 0 | Q18: =sum(N18:P18) -> 0 | U18: =sum(R18:T18) -> 0 | V18: =sum(E18,I18,M18,Q18,U18) -> 0 | W18: Referral | Y18: Inquiry Breakdown | Z18: =sum(Z15:Z17) -> 18 | AA18: =sum(AA15:AA17) -> 20 | AB18: =sum(AB15:AB17) -> 13 | AC18: =sum(AC15:AC17) -> 5 | AD18: =sum(AD15:AD17) -> 14 | AE18: =sum(Z18:AD18) -> 70
A19: Contact Info Requests | E19: =sum(B19:D19) -> 0 | I19: =sum(F19:H19) -> 0 | M19: =sum(J19:L19) -> 0 | Q19: =sum(N19:P19) -> 0 | U19: =sum(R19:T19) -> 0 | V19: =sum(E19,I19,M19,Q19,U19) -> 0 | W19: Referral
A20: Coop | E20: =sum(B20:D20) -> 0 | I20: =sum(F20:H20) -> 0 | M20: =sum(J20:L20) -> 0 | Q20: =sum(N20:P20) -> 0 | U20: =sum(R20:T20) -> 0 | V20: =sum(E20,I20,M20,Q20,U20) -> 0 | W20: Referral
A21: Counselling Centre Appointments | E21: =sum(B21:D21) -> 0 | I21: =sum(F21:H21) -> 0 | M21: =sum(J21:L21) -> 0 | Q21: =sum(N21:P21) -> 0 | U21: =sum(R21:T21) -> 0 | V21: =sum(E21,I21,M21,Q21,U21) -> 0 | W21: Mental Health and Wellness | Y21: Inquiry Timings - Monday
A22: Course Delivery | E22: =sum(B22:D22) -> 0 | I22: =sum(F22:H22) -> 0 | M22: =sum(J22:L22) -> 0 | Q22: =sum(N22:P22) -> 0 | U22: =sum(R22:T22) -> 0 | V22: =sum(E22,I22,M22,Q22,U22) -> 0 | W22: Referral | Y22: Time | Z22: Number of People | AA22: Topic of inquiries | AB22: Phone | AC22: In-Person
A23: Course Drop | E23: =sum(B23:D23) -> 0 | I23: =sum(F23:H23) -> 0 | M23: =sum(J23:L23) -> 0 | P23: 1 | Q23: =sum(N23:P23) -> 1 | U23: =sum(R23:T23) -> 0 | V23: =sum(E23,I23,M23,Q23,U23) -> 1 | W23: Academics | Y23: 45179 | AB23: FALSE | AC23: FALSE
A24: Course Enrollment | D24: 2 | E24: =sum(B24:D24) -> 2 | F24: 1 | H24: 3 | I24: =sum(F24:H24) -> 4 | M24: =sum(J24:L24) -> 0 | P24: 1 | Q24: =sum(N24:P24) -> 1 | U24: =sum(R24:T24) -> 0 | V24: =sum(E24,I24,M24,Q24,U24) -> 7 | W24: Academics | Y24: 45210 | AB24: FALSE | AC24: FALSE
A25: Course Intentions | E25: =sum(B25:D25) -> 0 | I25: =sum(F25:H25) -> 0 | M25: =sum(J25:L25) -> 0 | Q25: =sum(N25:P25) -> 0 | U25: =sum(R25:T25) -> 0 | V25: =sum(E25,I25,M25,Q25,U25) -> 0 | W25: Academics | Y25: 45242 | AB25: FALSE | AC25: FALSE
A26: Course Outlines | E26: =sum(B26:D26) -> 0 | I26: =sum(F26:H26) -> 0 | M26: =sum(J26:L26) -> 0 | Q26: =sum(N26:P26) -> 0 | U26: =sum(R26:T26) -> 0 | V26: =sum(E26,I26,M26,Q26,U26) -> 0 | W26: Referral | Y26: 45261 | AB26: FALSE | AC26: FALSE
A27: Course Planning/Course Load management | E27: =sum(B27:D27) -> 0 | I27: =sum(F27:H27) -> 0 | M27: =sum(J27:L27) -> 0 | Q27: =sum(N27:P27) -> 0 | R27: 1 | U27: =sum(R27:T27) -> 1 | V27: =sum(E27,I27,M27,Q27,U27) -> 1 | W27: Academics | Y27: 44928 | AB27: FALSE | AC27: FALSE
A28: Course Swap | B28: 1 | E28: =sum(B28:D28) -> 1 | H28: 1 | I28: =sum(F28:H28) -> 1 | M28: =sum(J28:L28) -> 0 | Q28: =sum(N28:P28) -> 0 | U28: =sum(R28:T28) -> 0 | V28: =sum(E28,I28,M28,Q28,U28) -> 2 | W28: Academics | Y28: 44960 | AB28: FALSE | AC28: FALSE
A29: D2L | E29: =sum(B29:D29) -> 0 | I29: =sum(F29:H29) -> 0 | M29: =sum(J29:L29) -> 0 | Q29: =sum(N29:P29) -> 0 | U29: =sum(R29:T29) -> 0 | V29: =sum(E29,I29,M29,Q29,U29) -> 0 | W29: Academics | Y29: 44989 | AB29: FALSE | AC29: FALSE
A30: Directions | D30: 1 | E30: =sum(B30:D30) -> 1 | H30: 3 | I30: =sum(F30:H30) -> 3 | M30: =sum(J30:L30) -> 0 | Q30: =sum(N30:P30) -> 0 | R30: 1 | U30: =sum(R30:T30) -> 1 | V30: =sum(E30,I30,M30,Q30,U30) -> 5 | W30: Other
A31: Discipline | E31: =sum(B31:D31) -> 0 | I31: =sum(F31:H31) -> 0 | M31: =sum(J31:L31) -> 0 | Q31: =sum(N31:P31) -> 0 | U31: =sum(R31:T31) -> 0 | V31: =sum(E31,I31,M31,Q31,U31) -> 0 | W31: Referral
A32: Early Intervention | E32: =sum(B32:D32) -> 0 | I32: =sum(F32:H32) -> 0 | M32: =sum(J32:L32) -> 0 | Q32: =sum(N32:P32) -> 0 | U32: =sum(R32:T32) -> 0 | V32: =sum(E32,I32,M32,Q32,U32) -> 0 | W32: Academics | Y32: Inquiry Timings - Tuesday
A33: Engineering Program Transition Courses | B33: 1 | E33: =sum(B33:D33) -> 1 | H33: 2 | I33: =sum(F33:H33) -> 2 | M33: =sum(J33:L33) -> 0 | Q33: =sum(N33:P33) -> 0 | U33: =sum(R33:T33) -> 0 | V33: =sum(E33,I33,M33,Q33,U33) -> 3 | W33: Academics | Y33: Time | Z33: Number of People | AA33: Topic of inquiries | AB33: Phone | AC33: In-Person
A34: Enrollment Period | E34: =sum(B34:D34) -> 0 | I34: =sum(F34:H34) -> 0 | M34: =sum(J34:L34) -> 0 | Q34: =sum(N34:P34) -> 0 | U34: =sum(R34:T34) -> 0 | V34: =sum(E34,I34,M34,Q34,U34) -> 0 | W34: Academics | Y34: 45179 | AB34: FALSE | AC34: FALSE
A35: Exams/Mid-Terms | B35: 1 | E35: =sum(B35:D35) -> 1 | I35: =sum(F35:H35) -> 0 | L35: 1 | M35: =sum(J35:L35) -> 1 | Q35: =sum(N35:P35) -> 0 | U35: =sum(R35:T35) -> 0 | V35: =sum(E35,I35,M35,Q35,U35) -> 2 | W35: Academics | Y35: 45210 | AB35: FALSE | AC35: FALSE
A36: Fees | E36: =sum(B36:D36) -> 0 | F36: 1 | H36: 1 | I36: =sum(F36:H36) -> 2 | M36: =sum(J36:L36) -> 0 | N36: 1 | Q36: =sum(N36:P36) -> 1 | U36: =sum(R36:T36) -> 0 | V36: =sum(E36,I36,M36,Q36,U36) -> 3 | W36: Financial | Y36: 45242 | AB36: FALSE | AC36: FALSE
A37: First Year Ambassador Program | E37: =sum(B37:D37) -> 0 | I37: =sum(F37:H37) -> 0 | M37: =sum(J37:L37) -> 0 | Q37: =sum(N37:P37) -> 0 | U37: =sum(R37:T37) -> 0 | V37: =sum(E37,I37,M37,Q37,U37) -> 0 | W37: Academics | Y37: 45261 | AB37: FALSE | AC37: FALSE
A38: First Year in Two Years | D38: 1 | E38: =sum(B38:D38) -> 1 | I38: =sum(F38:H38) -> 0 | M38: =sum(J38:L38) -> 0 | Q38: =sum(N38:P38) -> 0 | U38: =sum(R38:T38) -> 0 | V38: =sum(E38,I38,M38,Q38,U38) -> 1 | W38: Academics | Y38: 44928 | AB38: FALSE | AC38: FALSE
A39: Fresh Start / Reinstatement | E39: =sum(B39:D39) -> 0 | I39: =sum(F39:H39) -> 0 | M39: =sum(J39:L39) -> 0 | Q39: =sum(N39:P39) -> 0 | U39: =sum(R39:T39) -> 0 | V39: =sum(E39,I39,M39,Q39,U39) -> 0 | W39: Academics | Y39: 44960 | AB39: FALSE | AC39: FALSE
A40: General Academic Advising | E40: =sum(B40:D40) -> 0 | I40: =sum(F40:H40) -> 0 | M40: =sum(J40:L40) -> 0 | Q40: =sum(N40:P40) -> 0 | U40: =sum(R40:T40) -> 0 | V40: =sum(E40,I40,M40,Q40,U40) -> 0 | W40: Academics | Y40: 44989 | AB40: FALSE | AC40: FALSE
A41: GPA/CGPA | D41: 1 | E41: =sum(B41:D41) -> 1 | I41: =sum(F41:H41) -> 0 | M41: =sum(J41:L41) -> 0 | Q41: =sum(N41:P41) -> 0 | U41: =sum(R41:T41) -> 0 | V41: =sum(E41,I41,M41,Q41,U41) -> 1 | W41: Academics
A42: Graduate Studies | E42: =sum(B42:D42) -> 0 | I42: =sum(F42:H42) -> 0 | M42: =sum(J42:L42) -> 0 | Q42: =sum(N42:P42) -> 0 | U42: =sum(R42:T42) -> 0 | V42: =sum(E42,I42,M42,Q42,U42) -> 0 | W42: Referral | Y42: Inquiry Timings - Wednesday
A43: Holidays, e.g. Reading Week, Stat Holidays, etc | E43: =sum(B43:D43) -> 0 | I43: =sum(F43:H43) -> 0 | M43: =sum(J43:L43) -> 0 | Q43: =sum(N43:P43) -> 0 | U43: =sum(R43:T43) -> 0 | V43: =sum(E43,I43,M43,Q43,U43) -> 0 | W43: Other | Y43: Time | Z43: Number of People | AA43: Topic of inquiries | AB43: Phone | AC43: In-Person
A44: International Student Support | E44: =sum(B44:D44) -> 0 | I44: =sum(F44:H44) -> 0 | M44: =sum(J44:L44) -> 0 | Q44: =sum(N44:P44) -> 0 | U44: =sum(R44:T44) -> 0 | V44: =sum(E44,I44,M44,Q44,U44) -> 0 | W44: Referral | Y44: 45179 | AB44: FALSE | AC44: FALSE
A45: Letter of Permission/Taking Courses outside TMU | E45: =sum(B45:D45) -> 0 | I45: =sum(F45:H45) -> 0 | M45: =sum(J45:L45) -> 0 | Q45: =sum(N45:P45) -> 0 | U45: =sum(R45:T45) -> 0 | V45: =sum(E45,I45,M45,Q45,U45) -> 0 | W45: Referral | Y45: 45210 | AB45: FALSE | AC45: FALSE
A46: Liberals | B46: 1 | D46: 1 | E46: =sum(B46:D46) -> 2 | I46: =sum(F46:H46) -> 0 | M46: =sum(J46:L46) -> 0 | Q46: =sum(N46:P46) -> 0 | U46: =sum(R46:T46) -> 0 | V46: =sum(E46,I46,M46,Q46,U46) -> 2 | W46: Academics | Y46: 45242 | AB46: FALSE | AC46: FALSE
A47: Lockers | E47: =sum(B47:D47) -> 0 | I47: =sum(F47:H47) -> 0 | M47: =sum(J47:L47) -> 0 | P47: 1 | Q47: =sum(N47:P47) -> 1 | U47: =sum(R47:T47) -> 0 | V47: =sum(E47,I47,M47,Q47,U47) -> 1 | W47: Other | Y47: 45261 | AB47: FALSE | AC47: FALSE
A48: Lost and Found | E48: =sum(B48:D48) -> 0 | H48: 1 | I48: =sum(F48:H48) -> 1 | M48: =sum(J48:L48) -> 0 | Q48: =sum(N48:P48) -> 0 | U48: =sum(R48:T48) -> 0 | V48: =sum(E48,I48,M48,Q48,U48) -> 1 | W48: Other | Y48: 44928 | AB48: FALSE | AC48: FALSE
A49: Math Centre | E49: =sum(B49:D49) -> 0 | I49: =sum(F49:H49) -> 0 | M49: =sum(J49:L49) -> 0 | Q49: =sum(N49:P49) -> 0 | U49: =sum(R49:T49) -> 0 | V49: =sum(E49,I49,M49,Q49,U49) -> 0 | W49: Academics | Y49: 44960 | AB49: FALSE | AC49: FALSE
A50: Mentoring | E50: =sum(B50:D50) -> 0 | I50: =sum(F50:H50) -> 0 | M50: =sum(J50:L50) -> 0 | Q50: =sum(N50:P50) -> 0 | U50: =sum(R50:T50) -> 0 | V50: =sum(E50,I50,M50,Q50,U50) -> 0 | W50: Academics | Y50: 44989 | AB50: FALSE | AC50: FALSE
A51: Mini Math | E51: =sum(B51:D51) -> 0 | I51: =sum(F51:H51) -> 0 | M51: =sum(J51:L51) -> 0 | Q51: =sum(N51:P51) -> 0 | U51: =sum(R51:T51) -> 0 | V51: =sum(E51,I51,M51,Q51,U51) -> 0 | W51: Academics
A52: Minors | B52: 1 | E52: =sum(B52:D52) -> 1 | I52: =sum(F52:H52) -> 0 | M52: =sum(J52:L52) -> 0 | Q52: =sum(N52:P52) -> 0 | U52: =sum(R52:T52) -> 0 | V52: =sum(E52,I52,M52,Q52,U52) -> 1 | W52: Academics | Y52: Inquiry Timings - Thursday
A53: MyServiceHub Navigation | E53: =sum(B53:D53) -> 0 | I53: =sum(F53:H53) -> 0 | M53: =sum(J53:L53) -> 0 | Q53: =sum(N53:P53) -> 0 | U53: =sum(R53:T53) -> 0 | V53: =sum(E53,I53,M53,Q53,U53) -> 0 | W53: Other | Y53: Time | Z53: Number of People | AA53: Topic of inquiries | AB53: Phone | AC53: In-Person
A54: One Card | E54: =sum(B54:D54) -> 0 | I54: =sum(F54:H54) -> 0 | M54: =sum(J54:L54) -> 0 | Q54: =sum(N54:P54) -> 0 | U54: =sum(R54:T54) -> 0 | V54: =sum(E54,I54,M54,Q54,U54) -> 0 | W54: Referral | Y54: 45179 | AB54: FALSE | AC54: FALSE
A55: Orientation | E55: =sum(B55:D55) -> 0 | I55: =sum(F55:H55) -> 0 | M55: =sum(J55:L55) -> 0 | Q55: =sum(N55:P55) -> 0 | U55: =sum(R55:T55) -> 0 | V55: =sum(E55,I55,M55,Q55,U55) -> 0 | W55: Other | Y55: 45210 | AB55: FALSE | AC55: FALSE
A56: OSAP | D56: 1 | E56: =sum(B56:D56) -> 1 | I56: =sum(F56:H56) -> 0 | M56: =sum(J56:L56) -> 0 | Q56: =sum(N56:P56) -> 0 | U56: =sum(R56:T56) -> 0 | V56: =sum(E56,I56,M56,Q56,U56) -> 1 | W56: Financial | Y56: 45242 | AB56: FALSE | AC56: FALSE
A57: OSMS/OSEIE | E57: =sum(B57:D57) -> 0 | I57: =sum(F57:H57) -> 0 | L57: 1 | M57: =sum(J57:L57) -> 1 | Q57: =sum(N57:P57) -> 0 | U57: =sum(R57:T57) -> 0 | V57: =sum(E57,I57,M57,Q57,U57) -> 1 | W57: Other | Y57: 45261 | AB57: FALSE | AC57: FALSE
A58: Other | E58: =sum(B58:D58) -> 0 | I58: =sum(F58:H58) -> 0 | M58: =sum(J58:L58) -> 0 | Q58: =sum(N58:P58) -> 0 | T58: 1 | U58: =sum(R58:T58) -> 1 | V58: =sum(E58,I58,M58,Q58,U58) -> 1 | W58: Academics | Y58: 44928 | AB58: FALSE | AC58: FALSE
A59: Parents Night | E59: =sum(B59:D59) -> 0 | I59: =sum(F59:H59) -> 0 | M59: =sum(J59:L59) -> 0 | Q59: =sum(N59:P59) -> 0 | U59: =sum(R59:T59) -> 0 | V59: =sum(E59,I59,M59,Q59,U59) -> 0 | W59: Other | Y59: 44960 | AB59: FALSE | AC59: FALSE
A60: Plan Change | B60: 1 | D60: 1 | E60: =sum(B60:D60) -> 2 | F60: 1 | I60: =sum(F60:H60) -> 1 | J60: 1 | M60: =sum(J60:L60) -> 1 | Q60: =sum(N60:P60) -> 0 | U60: =sum(R60:T60) -> 0 | V60: =sum(E60,I60,M60,Q60,U60) -> 4 | W60: Academics | Y60: 44989 | AB60: FALSE | AC60: FALSE
A61: Printing | E61: =sum(B61:D61) -> 0 | I61: =sum(F61:H61) -> 0 | M61: =sum(J61:L61) -> 0 | Q61: =sum(N61:P61) -> 0 | U61: =sum(R61:T61) -> 0 | V61: =sum(E61,I61,M61,Q61,U61) -> 0 | W61: Academics
A62: Probation Contract | E62: =sum(B62:D62) -> 0 | I62: =sum(F62:H62) -> 0 | M62: =sum(J62:L62) -> 0 | Q62: =sum(N62:P62) -> 0 | U62: =sum(R62:T62) -> 0 | V62: =sum(E62,I62,M62,Q62,U62) -> 0 | W62: Academics | Y62: Inquiry Timings - Friday
A63: Probationary Standing | E63: =sum(B63:D63) -> 0 | I63: =sum(F63:H63) -> 0 | M63: =sum(J63:L63) -> 0 | Q63: =sum(N63:P63) -> 0 | U63: =sum(R63:T63) -> 0 | V63: =sum(E63,I63,M63,Q63,U63) -> 0 | W63: Academics | Y63: Time | Z63: Number of People | AA63: Topic of inquiries | AB63: Phone | AC63: In-Person
A64: Promotion to 2nd Year | E64: =sum(B64:D64) -> 0 | I64: =sum(F64:H64) -> 0 | M64: =sum(J64:L64) -> 0 | Q64: =sum(N64:P64) -> 0 | U64: =sum(R64:T64) -> 0 | V64: =sum(E64,I64,M64,Q64,U64) -> 0 | W64: Academics | Y64: 45179 | AB64: FALSE | AC64: FALSE
A65: Proof of Enrollment/3rd Party Letter Request | E65: =sum(B65:D65) -> 0 | I65: =sum(F65:H65) -> 0 | M65: =sum(J65:L65) -> 0 | Q65: =sum(N65:P65) -> 0 | U65: =sum(R65:T65) -> 0 | V65: =sum(E65,I65,M65,Q65,U65) -> 0 | W65: Referral | Y65: 45210 | AB65: FALSE | AC65: FALSE
A66: Required to Withdraw (RTW) | E66: =sum(B66:D66) -> 0 | I66: =sum(F66:H66) -> 0 | M66: =sum(J66:L66) -> 0 | Q66: =sum(N66:P66) -> 0 | U66: =sum(R66:T66) -> 0 | V66: =sum(E66,I66,M66,Q66,U66) -> 0 | W66: Academics | Y66: 45242 | AB66: FALSE | AC66: FALSE
A67: Residence/Student Housing | E67: =sum(B67:D67) -> 0 | I67: =sum(F67:H67) -> 0 | M67: =sum(J67:L67) -> 0 | Q67: =sum(N67:P67) -> 0 | U67: =sum(R67:T67) -> 0 | V67: =sum(E67,I67,M67,Q67,U67) -> 0 | W67: Referral | Y67: 45261 | AB67: FALSE | AC67: FALSE
A68: Retroactive Course Drop | E68: =sum(B68:D68) -> 0 | I68: =sum(F68:H68) -> 0 | M68: =sum(J68:L68) -> 0 | Q68: =sum(N68:P68) -> 0 | U68: =sum(R68:T68) -> 0 | V68: =sum(E68,I68,M68,Q68,U68) -> 0 | W68: Academics | Y68: 44928 | AB68: FALSE | AC68: FALSE
A69: Service Hub | E69: =sum(B69:D69) -> 0 | I69: =sum(F69:H69) -> 0 | M69: =sum(J69:L69) -> 0 | Q69: =sum(N69:P69) -> 0 | U69: =sum(R69:T69) -> 0 | V69: =sum(E69,I69,M69,Q69,U69) -> 0 | W69: Referral | Y69: 44960 | AB69: FALSE | AC69: FALSE
A70: Special Student (Not enrolled in Engineering at TMU) | E70: =sum(B70:D70) -> 0 | I70: =sum(F70:H70) -> 0 | M70: =sum(J70:L70) -> 0 | Q70: =sum(N70:P70) -> 0 | U70: =sum(R70:T70) -> 0 | V70: =sum(E70,I70,M70,Q70,U70) -> 0 | W70: Academics | Y70: 44989 | AB70: FALSE | AC70: FALSE
A71: Student Clubs - General | E71: =sum(B71:D71) -> 0 | I71: =sum(F71:H71) -> 0 | M71: =sum(J71:L71) -> 0 | Q71: =sum(N71:P71) -> 0 | U71: =sum(R71:T71) -> 0 | V71: =sum(E71,I71,M71,Q71,U71) -> 0 | W71: Mental Health and Wellness
A72: Student Life and Learning Support (SLLS) | E72: =sum(B72:D72) -> 0 | I72: =sum(F72:H72) -> 0 | M72: =sum(J72:L72) -> 0 | Q72: =sum(N72:P72) -> 0 | U72: =sum(R72:T72) -> 0 | V72: =sum(E72,I72,M72,Q72,U72) -> 0 | W72: Mental Health and Wellness
A73: Study Halls | E73: =sum(B73:D73) -> 0 | I73: =sum(F73:H73) -> 0 | M73: =sum(J73:L73) -> 0 | Q73: =sum(N73:P73) -> 0 | U73: =sum(R73:T73) -> 0 | V73: =sum(E73,I73,M73,Q73,U73) -> 0 | W73: Academics
A74: Supplies Request, e.g. stapler, scissor, etc | D74: 1 | E74: =sum(B74:D74) -> 1 | H74: 1 | I74: =sum(F74:H74) -> 1 | K74: 3 | M74: =sum(J74:L74) -> 3 | Q74: =sum(N74:P74) -> 0 | U74: =sum(R74:T74) -> 0 | V74: =sum(E74,I74,M74,Q74,U74) -> 5 | W74: Other
A75: Test Center/Makeup Exam | E75: =sum(B75:D75) -> 0 | I75: =sum(F75:H75) -> 0 | M75: =sum(J75:L75) -> 0 | Q75: =sum(N75:P75) -> 0 | U75: =sum(R75:T75) -> 0 | V75: =sum(E75,I75,M75,Q75,U75) -> 0 | W75: Referral
A76: Toronto Mentropolitan Student Union (TMSU) | E76: =sum(B76:D76) -> 0 | I76: =sum(F76:H76) -> 0 | M76: =sum(J76:L76) -> 0 | Q76: =sum(N76:P76) -> 0 | U76: =sum(R76:T76) -> 0 | V76: =sum(E76,I76,M76,Q76,U76) -> 0 | W76: Mental Health and Wellness
A77: Transfer Credits | E77: =sum(B77:D77) -> 0 | I77: =sum(F77:H77) -> 0 | M77: =sum(J77:L77) -> 0 | Q77: =sum(N77:P77) -> 0 | U77: =sum(R77:T77) -> 0 | V77: =sum(E77,I77,M77,Q77,U77) -> 0 | W77: Referral
A78: Transferring Programs - Outside of Engineering | E78: =sum(B78:D78) -> 0 | I78: =sum(F78:H78) -> 0 | M78: =sum(J78:L78) -> 0 | Q78: =sum(N78:P78) -> 0 | U78: =sum(R78:T78) -> 0 | V78: =sum(E78,I78,M78,Q78,U78) -> 0 | W78: Referral
A79: Tutoring - Student Learning Support | D79: 1 | E79: =sum(B79:D79) -> 1 | I79: =sum(F79:H79) -> 0 | M79: =sum(J79:L79) -> 0 | Q79: =sum(N79:P79) -> 0 | U79: =sum(R79:T79) -> 0 | V79: =sum(E79,I79,M79,Q79,U79) -> 1 | W79: Academics
A80: Upper Year Students | E80: =sum(B80:D80) -> 0 | F80: 1 | I80: =sum(F80:H80) -> 1 | K80: 1 | M80: =sum(J80:L80) -> 1 | Q80: =sum(N80:P80) -> 0 | U80: =sum(R80:T80) -> 0 | V80: =sum(E80,I80,M80,Q80,U80) -> 2 | W80: Referral
A81: Wait List | E81: =sum(B81:D81) -> 0 | I81: =sum(F81:H81) -> 0 | M81: =sum(J81:L81) -> 0 | Q81: =sum(N81:P81) -> 0 | U81: =sum(R81:T81) -> 0 | V81: =sum(E81,I81,M81,Q81,U81) -> 0 | W81: Academics
A82: Withdrawal - Permanent | E82: =sum(B82:D82) -> 0 | I82: =sum(F82:H82) -> 0 | M82: =sum(J82:L82) -> 0 | Q82: =sum(N82:P82) -> 0 | U82: =sum(R82:T82) -> 0 | V82: =sum(E82,I82,M82,Q82,U82) -> 0 | W82: Academics
A83: Withdrawal - Short Term | E83: =sum(B83:D83) -> 0 | I83: =sum(F83:H83) -> 0 | M83: =sum(J83:L83) -> 0 | Q83: =sum(N83:P83) -> 0 | U83: =sum(R83:T83) -> 0 | V83: =sum(E83,I83,M83,Q83,U83) -> 0 | W83: Academics
A84: Writing Test/CEN 199 | E84: =sum(B84:D84) -> 0 | H84: 1 | I84: =sum(F84:H84) -> 1 | M84: =sum(J84:L84) -> 0 | Q84: =sum(N84:P84) -> 0 | U84: =sum(R84:T84) -> 0 | V84: =sum(E84,I84,M84,Q84,U84) -> 1 | W84: Academics
A85: Full Daily Total | B85: =sum(B4:B84) -> 12 | C85: =sum(C4:C84) -> 0 | D85: =sum(D4:D84) -> 13 | F85: =sum(F4:F84) -> 9 | G85: =sum(G4:G84) -> 0 | H85: =sum(H4:H84) -> 15 | J85: =sum(J4:J84) -> 2 | K85: =sum(K4:K84) -> 4 | L85: =sum(L4:L84) -> 5 | N85: =sum(N4:N84) -> 1 | O85: =sum(O4:O84) -> 0 | P85: =sum(P4:P84) -> 4 | R85: =sum(R4:R84) -> 9 | S85: =sum(S4:S84) -> 0 | T85: =sum(T4:T84) -> 6
A86: PEOPLE | B86: 6 | F86: 11 | J86: 7 | N86: 4 | R86: 5

Sheet W4
B1: 45341 | F1: 45342 | J1: 45343 | N1: 45344 | R1: 45345
A3: Inquiry/Response | B3: Email | C3: Phone | D3: In-per | E3: D-Total | F3: Email | G3: Phone | H3: In-per | I3: D-Total | J3: Email | K3: Phone | L3: In-per | M3: D-Total | N3: Email | O3: Phone | P3: In-per | Q3: D-Total | R3: Email | S3: Phone | T3: In-per | U3: D-Total | V3: Prim-Catgry Tot | W3: Categories
A4: Academic Advising Appointments | B4: 1 | E4: =sum(B4:D4) -> 1 | I4: =sum(F4:H4) -> 0 | J4: 1 | M4: =sum(J4:L4) -> 1 | Q4: =sum(N4:P4) -> 0 | R4: 1 | U4: =sum(R4:T4) -> 1 | V4: =sum(E4,I4,M4,Q4,U4) -> 3 | W4: Academics
A5: Academic Consideration Requests (ACRs) - Missing Classes | B5: 1 | E5: =sum(B5:D5) -> 1 | F5: 1 | I5: =sum(F5:H5) -> 1 | M5: =sum(J5:L5) -> 0 | N5: 1 | P5: 1 | Q5: =sum(N5:P5) -> 2 | R5: 1 | U5: =sum(R5:T5) -> 1 | V5: =sum(E5,I5,M5,Q5,U5) -> 5 | W5: Academics | Y5: Main Catergories Analysis | Z5: #'s | AG5: Top 5 Categories
A6: Academic Standing | E6: =sum(B6:D6) -> 0 | I6: =sum(F6:H6) -> 0 | M6: =sum(J6:L6) -> 0 | Q6: =sum(N6:P6) -> 0 | U6: =sum(R6:T6) -> 0 | V6: =sum(E6,I6,M6,Q6,U6) -> 0 | W6: Academics | Y6: Academics | Z6: =SUMIF(W:W,"Academics",V:V) -> 22 | AH6: Inquiry | AI6: Amount
A7: Access Centre/Academic Accomodation Support | E7: =sum(B7:D7) -> 0 | I7: =sum(F7:H7) -> 0 | M7: =sum(J7:L7) -> 0 | Q7: =sum(N7:P7) -> 0 | U7: =sum(R7:T7) -> 0 | V7: =sum(E7,I7,M7,Q7,U7) -> 0 | W7: Academics | Y7: Referral | Z7: =SUMIF(W:W,"Referral",V:V) -> 6 | AG7: 1 | AH7: {=IFERROR(TEXTJOIN(", ", TRUE, IF($V$4:$V$84=AI7, $A$4:$A$84, "")), "")} -> Academic Consideration Requests (ACRs) - Missing Classes, Study Halls | AI7: =LARGE($V$4:$V$84,1) -> 5
A8: ACES | E8: =sum(B8:D8) -> 0 | I8: =sum(F8:H8) -> 0 | M8: =sum(J8:L8) -> 0 | Q8: =sum(N8:P8) -> 0 | U8: =sum(R8:T8) -> 0 | V8: =sum(E8,I8,M8,Q8,U8) -> 0 | W8: Academics | Y8: Financial | Z8: =SUMIF(W:W,"Financial",V:V) -> 3 | AG8: 2 | AH8: {=IFERROR(TEXTJOIN(", ", TRUE, IF($V$4:$V$84=AI8, $A$4:$A$84, "")), "")} -> Academic Advising Appointments, Admissions | AI8: {=LARGE(IF($V$4:$V$84<>MAX($AI$7:AI7),$V$4:$V$84),1)} -> 3
A9: Admissions | E9: =sum(B9:D9) -> 0 | I9: =sum(F9:H9) -> 0 | J9: 1 | M9: =sum(J9:L9) -> 1 | P9: 1 | Q9: =sum(N9:P9) -> 1 | T9: 1 | U9: =sum(R9:T9) -> 1 | V9: =sum(E9,I9,M9,Q9,U9) -> 3 | W9: Referral | Y9: Mental Health and Wellness | Z9: =SUMIF(W:W, "Mental Health and Wellness", V:V) -> 0 | AG9: 3 | AH9: {=IFERROR(TEXTJOIN(", ", TRUE, IF($V$4:$V$84=AI9, $A$4:$A$84, "")), "")} -> Course Drop, Course Outlines, Directions, Exams/Mid-Terms, Fees, Other | AI9: {=LARGE(IF($V$4:$V$84<>MAX($AI$7:AI7),IF($V$4:$V$84<>MAX($AI$8:AI8),$V$4:$V$84)),1)} -> 2
A10: Advisement Report | E10: =sum(B10:D10) -> 0 | I10: =sum(F10:H10) -> 0 | M10: =sum(J10:L10) -> 0 | Q10: =sum(N10:P10) -> 0 | U10: =sum(R10:T10) -> 0 | V10: =sum(E10,I10,M10,Q10,U10) -> 0 | W10: Academics | Y10: Other | Z10: =SUMIF(W:W, "Other", V:V) -> 3 | AG10: 4 | AH10: {=IFERROR(TEXTJOIN(", ", TRUE, IF($V$4:$V$84=AI10, $A$4:$A$84, "")), "")} -> CCS/Student Help Desk, Course Planning/Course Load management, Engineering Program Transition Courses, OSAP, Plan Change, Supplies Request, e.g. stapler, scissor, etc | AI10: {=LARGE(IF($V$4:$V$84<>MAX($AI$7:AI7), IF($V$4:$V$84<>MAX($AI$8:AI8), IF($V$4:$V$84<>MAX($AI$9:AI9), $V$4:$V$84))), 1)} -> 1
A11: Appeals | E11: =sum(B11:D11) -> 0 | I11: =sum(F11:H11) -> 0 | M11: =sum(J11:L11) -> 0 | Q11: =sum(N11:P11) -> 0 | U11: =sum(R11:T11) -> 0 | V11: =sum(E11,I11,M11,Q11,U11) -> 0 | W11: Referral | AG11: 5 | AH11: {=IFERROR(TEXTJOIN(", ", TRUE, IF($V$4:$V$84=AI11, $A$4:$A$84, "")), "")} -> Academic Standing, Access Centre/Academic Accomodation Support, ACES, Advisement Report, Appeals, Awards/Scholarships, Building and Campus access , Careers/Employment, CEN100, Chang School, Computer Labs, Contact Info Requests, Coop, Counselling Centre Appointments, Course Delivery , Course Enrollment , Course Intentions, Course Swap, D2L, Discipline , Early Intervention , Enrollment Period, First Year Ambassador Program, First Year in Two Years, Fresh Start / Reinstatement, General Academic Advising, GPA/CGPA, Graduate Studies, Holidays, e.g. Reading Week, Stat Holidays, etc, International Student Support, Letter of Permission/Taking Courses outside TMU, Liberals, Lockers, Lost and Found, Math Centre, Mentoring, Mini Math, Minors, MyServiceHub Navigation, One Card, Orientation, OSMS/OSEIE, Parents Night, Printing, Probation Contract, Probationary Standing, Promotion to 2nd Year, Proof of Enrollment/3rd Party Letter Request, Required to Withdraw (RTW), Residence/Student Housing, Retroactive Course Drop, Service Hub, Special Student (Not enrolled in Engineering at TMU), Student Clubs - General, Student Life and Learning Support (SLLS), Test Center/Makeup Exam, Toronto Mentropolitan Student Union (TMSU), Transfer Credits, Transferring Programs - Outside of Engineering, Tutoring - Student Learning Support, Upper Year Students, Wait List, Withdrawal - Permanent, Withdrawal - Short Term, Writing Test/CEN 199 | AI11: {=LARGE(IF($V$4:$V$84<>MAX($AI$7:AI7), IF($V$4:$V$84<>MAX($AI$8:AI8), IF($V$4:$V$84<>MAX($AI$9:AI9), IF($V$4:$V$84<>MAX($AI$10:AI10), $V$4:$V$84)))), 1)} -> 0
A12: Awards/Scholarships | E12: =sum(B12:D12) -> 0 | I12: =sum(F12:H12) -> 0 | M12: =sum(J12:L12) -> 0 | Q12: =sum(N12:P12) -> 0 | U12: =sum(R12:T12) -> 0 | V12: =sum(E12,I12,M12,Q12,U12) -> 0 | W12: Referral
A13: Building and Campus access | E13: =sum(B13:D13) -> 0 | I13: =sum(F13:H13) -> 0 | M13: =sum(J13:L13) -> 0 | Q13: =sum(N13:P13) -> 0 | U13: =sum(R13:T13) -> 0 | V13: =sum(E13,I13,M13,Q13,U13) -> 0 | W13: Referral | Y13: Inquiry Breakdown For Week
A14: Careers/Employment | E14: =sum(B14:D14) -> 0 | I14: =sum(F14:H14) -> 0 | M14: =sum(J14:L14) -> 0 | Q14: =sum(N14:P14) -> 0 | U14: =sum(R14:T14) -> 0 | V14: =sum(E14,I14,M14,Q14,U14) -> 0 | W14: Referral | Z14: Monday | AA14: Tuesday | AB14: Wednesday | AC14: Thursday | AD14: Friday | AE14: Method
A15: CCS/Student Help Desk | E15: =sum(B15:D15) -> 0 | F15: 1 | I15: =sum(F15:H15) -> 1 | M15: =sum(J15:L15) -> 0 | Q15: =sum(N15:P15) -> 0 | U15: =sum(R15:T15) -> 0 | V15: =sum(E15,I15,M15,Q15,U15) -> 1 | W15: Referral | Y15: Email | Z15: =B85 -> 4 | AA15: =F85 -> 4 | AB15: =J85 -> 5 | AC15: =N85 -> 5 | AD15: =R85 -> 7 | AE15: =sum(Z15:AD15) -> 25
A16: CEN100 | E16: =sum(B16:D16) -> 0 | I16: =sum(F16:H16) -> 0 | M16: =sum(J16:L16) -> 0 | Q16: =sum(N16:P16) -> 0 | U16: =sum(R16:T16) -> 0 | V16: =sum(E16,I16,M16,Q16,U16) -> 0 | W16: Academics | Y16: Phone | Z16: =C85 -> 0 | AA16: =G85 -> 0 | AB16: =K85 -> 0 | AC16: =O85 -> 0 | AD16: =S85 -> 0 | AE16: =sum(Z16:AD16) -> 0
A17: Chang School | E17: =sum(B17:D17) -> 0 | I17: =sum(F17:H17) -> 0 | M17: =sum(J17:L17) -> 0 | Q17: =sum(N17:P17) -> 0 | U17: =sum(R17:T17) -> 0 | V17: =sum(E17,I17,M17,Q17,U17) -> 0 | W17: Referral | Y17: In-Person | Z17: =B86 -> 0 | AA17: =F86 -> 0 | AB17: =J86 -> 0 | AC17: =N86 -> 5 | AD17: =R86 -> 2 | AE17: =sum(Z17:AD17) -> 7
A18: Computer Labs | E18: =sum(B18:D18) -> 0 | I18: =sum(F18:H18) -> 0 | M18: =sum(J18:L18) -> 0 | Q18: =sum(N18:P18) -> 0 | U18: =sum(R18:T18) -> 0 | V18: =sum(E18,I18,M18,Q18,U18) -> 0 | W18: Referral | Y18: Inquiry Breakdown | Z18: =sum(Z15:Z17) -> 4 | AA18: =sum(AA15:AA17) -> 4 | AB18: =sum(AB15:AB17) -> 5 | AC18: =sum(AC15:AC17) -> 10 | AD18: =sum(AD15:AD17) -> 9 | AE18: =sum(Z18:AD18) -> 32
A19: Contact Info Requests | E19: =sum(B19:D19) -> 0 | I19: =sum(F19:H19) -> 0 | M19: =sum(J19:L19) -> 0 | Q19: =sum(N19:P19) -> 0 | U19: =sum(R19:T19) -> 0 | V19: =sum(E19,I19,M19,Q19,U19) -> 0 | W19: Referral
A20: Coop | E20: =sum(B20:D20) -> 0 | I20: =sum(F20:H20) -> 0 | M20: =sum(J20:L20) -> 0 | Q20: =sum(N20:P20) -> 0 | U20: =sum(R20:T20) -> 0 | V20: =sum(E20,I20,M20,Q20,U20) -> 0 | W20: Referral
A21: Counselling Centre Appointments | E21: =sum(B21:D21) -> 0 | I21: =sum(F21:H21) -> 0 | M21: =sum(J21:L21) -> 0 | Q21: =sum(N21:P21) -> 0 | U21: =sum(R21:T21) -> 0 | V21: =sum(E21,I21,M21,Q21,U21) -> 0 | W21: Mental Health and Wellness | Y21: Inquiry Timings - Monday
A22: Course Delivery | E22: =sum(B22:D22) -> 0 | I22: =sum(F22:H22) -> 0 | M22: =sum(J22:L22) -> 0 | Q22: =sum(N22:P22) -> 0 | U22: =sum(R22:T22) -> 0 | V22: =sum(E22,I22,M22,Q22,U22) -> 0 | W22: Referral | Y22: Time | Z22: Number of People | AA22: Topic of inquiries | AB22: Phone | AC22: In-Person
A23: Course Drop | E23: =sum(B23:D23) -> 0 | I23: =sum(F23:H23) -> 0 | M23: =sum(J23:L23) -> 0 | N23: 1 | P23: 1 | Q23: =sum(N23:P23) -> 2 | U23: =sum(R23:T23) -> 0 | V23: =sum(E23,I23,M23,Q23,U23) -> 2 | W23: Academics | Y23: 45179 | AB23: FALSE | AC23: FALSE
A24: Course Enrollment | E24: =sum(B24:D24) -> 0 | I24: =sum(F24:H24) -> 0 | M24: =sum(J24:L24) -> 0 | Q24: =sum(N24:P24) -> 0 | U24: =sum(R24:T24) -> 0 | V24: =sum(E24,I24,M24,Q24,U24) -> 0 | W24: Academics | Y24: 45210 | AB24: FALSE | AC24: FALSE
A25: Course Intentions | E25: =sum(B25:D25) -> 0 | I25: =sum(F25:H25) -> 0 | M25: =sum(J25:L25) -> 0 | Q25: =sum(N25:P25) -> 0 | U25: =sum(R25:T25) -> 0 | V25: =sum(E25,I25,M25,Q25,U25) -> 0 | W25: Academics | Y25: 45242 | AB25: FALSE | AC25: FALSE
A26: Course Outlines | E26: =sum(B26:D26) -> 0 | I26: =sum(F26:H26) -> 0 | J26: 2 | M26: =sum(J26:L26) -> 2 | Q26: =sum(N26:P26) -> 0 | U26: =sum(R26:T26) -> 0 | V26: =sum(E26,I26,M26,Q26,U26) -> 2 | W26: Referral | Y26: 45261 | AB26: FALSE | AC26: FALSE
A27: Course Planning/Course Load management | E27: =sum(B27:D27) -> 0 | I27: =sum(F27:H27) -> 0 | M27: =sum(J27:L27) -> 0 | P27: 1 | Q27: =sum(N27:P27) -> 1 | U27: =sum(R27:T27) -> 0 | V27: =sum(E27,I27,M27,Q27,U27) -> 1 | W27: Academics | Y27: 44928 | AB27: FALSE | AC27: FALSE
A28: Course Swap | E28: =sum(B28:D28) -> 0 | I28: =sum(F28:H28) -> 0 | M28: =sum(J28:L28) -> 0 | Q28: =sum(N28:P28) -> 0 | U28: =sum(R28:T28) -> 0 | V28: =sum(E28,I28,M28,Q28,U28) -> 0 | W28: Academics | Y28: 44960 | AB28: FALSE | AC28: FALSE
A29: D2L | E29: =sum(B29:D29) -> 0 | I29: =sum(F29:H29) -> 0 | M29: =sum(J29:L29) -> 0 | Q29: =sum(N29:P29) -> 0 | U29: =sum(R29:T29) -> 0 | V29: =sum(E29,I29,M29,Q29,U29) -> 0 | W29: Academics | Y29: 44989 | AB29: FALSE | AC29: FALSE
A30: Directions | E30: =sum(B30:D30) -> 0 | I30: =sum(F30:H30) -> 0 | M30: =sum(J30:L30) -> 0 | P30: 1 | Q30: =sum(N30:P30) -> 1 | T30: 1 | U30: =sum(R30:T30) -> 1 | V30: =sum(E30,I30,M30,Q30,U30) -> 2 | W30: Other
A31: Discipline | E31: =sum(B31:D31) -> 0 | I31: =sum(F31:H31) -> 0 | M31: =sum(J31:L31) -> 0 | Q31: =sum(N31:P31) -> 0 | U31: =sum(R31:T31) -> 0 | V31: =sum(E31,I31,M31,Q31,U31) -> 0 | W31: Referral
A32: Early Intervention | E32: =sum(B32:D32) -> 0 | I32: =sum(F32:H32) -> 0 | M32: =sum(J32:L32) -> 0 | Q32: =sum(N32:P32) -> 0 | U32: =sum(R32:T32) -> 0 | V32: =sum(E32,I32,M32,Q32,U32) -> 0 | W32: Academics | Y32: Inquiry Timings - Tuesday
A33: Engineering Program Transition Courses | E33: =sum(B33:D33) -> 0 | I33: =sum(F33:H33) -> 0 | M33: =sum(J33:L33) -> 0 | N33: 1 | Q33: =sum(N33:P33) -> 1 | U33: =sum(R33:T33) -> 0 | V33: =sum(E33,I33,M33,Q33,U33) -> 1 | W33: Academics | Y33: Time | Z33: Number of People | AA33: Topic of inquiries | AB33: Phone | AC33: In-Person
A34: Enrollment Period | E34: =sum(B34:D34) -> 0 | I34: =sum(F34:H34) -> 0 | M34: =sum(J34:L34) -> 0 | Q34: =sum(N34:P34) -> 0 | U34: =sum(R34:T34) -> 0 | V34: =sum(E34,I34,M34,Q34,U34) -> 0 | W34: Academics | Y34: 45179 | AB34: FALSE | AC34: FALSE
A35: Exams/Mid-Terms | E35: =sum(B35:D35) -> 0 | I35: =sum(F35:H35) -> 0 | M35: =sum(J35:L35) -> 0 | P35: 1 | Q35: =sum(N35:P35) -> 1 | R35: 1 | U35: =sum(R35:T35) -> 1 | V35: =sum(E35,I35,M35,Q35,U35) -> 2 | W35: Academics | Y35: 45210 | AB35: FALSE | AC35: FALSE
A36: Fees | B36: 1 | E36: =sum(B36:D36) -> 1 | I36: =sum(F36:H36) -> 0 | J36: 1 | M36: =sum(J36:L36) -> 1 | Q36: =sum(N36:P36) -> 0 | U36: =sum(R36:T36) -> 0 | V36: =sum(E36,I36,M36,Q36,U36) -> 2 | W36: Financial | Y36: 45242 | AB36: FALSE | AC36: FALSE
A37: First Year Ambassador Program | E37: =sum(B37:D37) -> 0 | I37: =sum(F37:H37) -> 0 | M37: =sum(J37:L37) -> 0 | Q37: =sum(N37:P37) -> 0 | U37: =sum(R37:T37) -> 0 | V37: =sum(E37,I37,M37,Q37,U37) -> 0 | W37: Academics | Y37: 45261 | AB37: FALSE | AC37: FALSE
A38: First Year in Two Years | E38: =sum(B38:D38) -> 0 | I38: =sum(F38:H38) -> 0 | M38: =sum(J38:L38) -> 0 | Q38: =sum(N38:P38) -> 0 | U38: =sum(R38:T38) -> 0 | V38: =sum(E38,I38,M38,Q38,U38) -> 0 | W38: Academics | Y38: 44928 | AB38: FALSE | AC38: FALSE
A39: Fresh Start / Reinstatement | E39: =sum(B39:D39) -> 0 | I39: =sum(F39:H39) -> 0 | M39: =sum(J39:L39) -> 0 | Q39: =sum(N39:P39) -> 0 | U39: =sum(R39:T39) -> 0 | V39: =sum(E39,I39,M39,Q39,U39) -> 0 | W39: Academics | Y39: 44960 | AB39: FALSE | AC39: FALSE
A40: General Academic Advising | E40: =sum(B40:D40) -> 0 | I40: =sum(F40:H40) -> 0 | M40: =sum(J40:L40) -> 0 | Q40: =sum(N40:P40) -> 0 | U40: =sum(R40:T40) -> 0 | V40: =sum(E40,I40,M40,Q40,U40) -> 0 | W40: Academics | Y40: 44989 | AB40: FALSE | AC40: FALSE
A41: GPA/CGPA | E41: =sum(B41:D41) -> 0 | I41: =sum(F41:H41) -> 0 | M41: =sum(J41:L41) -> 0 | Q41: =sum(N41:P41) -> 0 | U41: =sum(R41:T41) -> 0 | V41: =sum(E41,I41,M41,Q41,U41) -> 0 | W41: Academics
A42: Graduate Studies | E42: =sum(B42:D42) -> 0 | I42: =sum(F42:H42) -> 0 | M42: =sum(J42:L42) -> 0 | Q42: =sum(N42:P42) -> 0 | U42: =sum(R42:T42) -> 0 | V42: =sum(E42,I42,M42,Q42,U42) -> 0 | W42: Referral | Y42: Inquiry Timings - Wednesday
A43: Holidays, e.g. Reading Week, Stat Holidays, etc | E43: =sum(B43:D43) -> 0 | I43: =sum(F43:H43) -> 0 | M43: =sum(J43:L43) -> 0 | Q43: =sum(N43:P43) -> 0 | U43: =sum(R43:T43) -> 0 | V43: =sum(E43,I43,M43,Q43,U43) -> 0 | W43: Other | Y43: Time | Z43: Number of People | AA43: Topic of inquiries | AB43: Phone | AC43: In-Person
A44: International Student Support | E44: =sum(B44:D44) -> 0 | I44: =sum(F44:H44) -> 0 | M44: =sum(J44:L44) -> 0 | Q44: =sum(N44:P44) -> 0 | U44: =sum(R44:T44) -> 0 | V44: =sum(E44,I44,M44,Q44,U44) -> 0 | W44: Referral | Y44: 45179 | AB44: FALSE | AC44: FALSE
A45: Letter of Permission/Taking Courses outside TMU | E45: =sum(B45:D45) -> 0 | I45: =sum(F45:H45) -> 0 | M45: =sum(J45:L45) -> 0 | Q45: =sum(N45:P45) -> 0 | U45: =sum(R45:T45) -> 0 | V45: =sum(E45,I45,M45,Q45,U45) -> 0 | W45: Referral | Y45: 45210 | AB45: FALSE | AC45: FALSE
A46: Liberals | E46: =sum(B46:D46) -> 0 | I46: =sum(F46:H46) -> 0 | M46: =sum(J46:L46) -> 0 | Q46: =sum(N46:P46) -> 0 | U46: =sum(R46:T46) -> 0 | V46: =sum(E46,I46,M46,Q46,U46) -> 0 | W46: Academics | Y46: 45242 | AB46: FALSE | AC46: FALSE
A47: Lockers | E47: =sum(B47:D47) -> 0 | I47: =sum(F47:H47) -> 0 | M47: =sum(J47:L47) -> 0 | Q47: =sum(N47:P47) -> 0 | U47: =sum(R47:T47) -> 0 | V47: =sum(E47,I47,M47,Q47,U47) -> 0 | W47: Other | Y47: 45261 | AB47: FALSE | AC47: FALSE
A48: Lost and Found | E48: =sum(B48:D48) -> 0 | I48: =sum(F48:H48) -> 0 | M48: =sum(J48:L48) -> 0 | Q48: =sum(N48:P48) -> 0 | U48: =sum(R48:T48) -> 0 | V48: =sum(E48,I48,M48,Q48,U48) -> 0 | W48: Other | Y48: 44928 | AB48: FALSE | AC48: FALSE
A49: Math Centre | E49: =sum(B49:D49) -> 0 | I49: =sum(F49:H49) -> 0 | M49: =sum(J49:L49) -> 0 | Q49: =sum(N49:P49) -> 0 | U49: =sum(R49:T49) -> 0 | V49: =sum(E49,I49,M49,Q49,U49) -> 0 | W49: Academics | Y49: 44960 | AB49: FALSE | AC49: FALSE
A50: Mentoring | E50: =sum(B50:D50) -> 0 | I50: =sum(F50:H50) -> 0 | M50: =sum(J50:L50) -> 0 | Q50: =sum(N50:P50) -> 0 | U50: =sum(R50:T50) -> 0 | V50: =sum(E50,I50,M50,Q50,U50) -> 0 | W50: Academics | Y50: 44989 | AB50: FALSE | AC50: FALSE
A51: Mini Math | E51: =sum(B51:D51) -> 0 | I51: =sum(F51:H51) -> 0 | M51: =sum(J51:L51) -> 0 | Q51: =sum(N51:P51) -> 0 | U51: =sum(R51:T51) -> 0 | V51: =sum(E51,I51,M51,Q51,U51) -> 0 | W51: Academics
A52: Minors | E52: =sum(B52:D52) -> 0 | I52: =sum(F52:H52) -> 0 | M52: =sum(J52:L52) -> 0 | Q52: =sum(N52:P52) -> 0 | U52: =sum(R52:T52) -> 0 | V52: =sum(E52,I52,M52,Q52,U52) -> 0 | W52: Academics | Y52: Inquiry Timings - Thursday
A53: MyServiceHub Navigation | E53: =sum(B53:D53) -> 0 | I53: =sum(F53:H53) -> 0 | M53: =sum(J53:L53) -> 0 | Q53: =sum(N53:P53) -> 0 | U53: =sum(R53:T53) -> 0 | V53: =sum(E53,I53,M53,Q53,U53) -> 0 | W53: Other | Y53: Time | Z53: Number of People | AA53: Topic of inquiries | AB53: Phone | AC53: In-Person
A54: One Card | E54: =sum(B54:D54) -> 0 | I54: =sum(F54:H54) -> 0 | M54: =sum(J54:L54) -> 0 | Q54: =sum(N54:P54) -> 0 | U54: =sum(R54:T54) -> 0 | V54: =sum(E54,I54,M54,Q54,U54) -> 0 | W54: Referral | Y54: 45179 | AB54: FALSE | AC54: FALSE
A55: Orientation | E55: =sum(B55:D55) -> 0 | I55: =sum(F55:H55) -> 0 | M55: =sum(J55:L55) -> 0 | Q55: =sum(N55:P55) -> 0 | U55: =sum(R55:T55) -> 0 | V55: =sum(E55,I55,M55,Q55,U55) -> 0 | W55: Other | Y55: 45210 | AB55: FALSE | AC55: FALSE
A56: OSAP | E56: =sum(B56:D56) -> 0 | I56: =sum(F56:H56) -> 0 | M56: =sum(J56:L56) -> 0 | N56: 1 | Q56: =sum(N56:P56) -> 1 | U56: =sum(R56:T56) -> 0 | V56: =sum(E56,I56,M56,Q56,U56) -> 1 | W56: Financial | Y56: 45242 | AB56: FALSE | AC56: FALSE
A57: OSMS/OSEIE | E57: =sum(B57:D57) -> 0 | I57: =sum(F57:H57) -> 0 | M57: =sum(J57:L57) -> 0 | Q57: =sum(N57:P57) -> 0 | U57: =sum(R57:T57) -> 0 | V57: =sum(E57,I57,M57,Q57,U57) -> 0 | W57: Other | Y57: 45261 | AB57: FALSE | AC57: FALSE
A58: Other | E58: =sum(B58:D58) -> 0 | F58: 1 | I58: =sum(F58:H58) -> 1 | M58: =sum(J58:L58) -> 0 | Q58: =sum(N58:P58) -> 0 | R58: 1 | U58: =sum(R58:T58) -> 1 | V58: =sum(E58,I58,M58,Q58,U58) -> 2 | W58: Academics | Y58: 44928 | AB58: FALSE | AC58: FALSE
A59: Parents Night | E59: =sum(B59:D59) -> 0 | I59: =sum(F59:H59) -> 0 | M59: =sum(J59:L59) -> 0 | Q59: =sum(N59:P59) -> 0 | U59: =sum(R59:T59) -> 0 | V59: =sum(E59,I59,M59,Q59,U59) -> 0 | W59: Other | Y59: 44960 | AB59: FALSE | AC59: FALSE
A60: Plan Change | E60: =sum(B60:D60) -> 0 | I60: =sum(F60:H60) -> 0 | M60: =sum(J60:L60) -> 0 | N60: 1 | Q60: =sum(N60:P60) -> 1 | U60: =sum(R60:T60) -> 0 | V60: =sum(E60,I60,M60,Q60,U60) -> 1 | W60: Academics | Y60: 44989 | AB60: FALSE | AC60: FALSE
A61: Printing | E61: =sum(B61:D61) -> 0 | I61: =sum(F61:H61) -> 0 | M61: =sum(J61:L61) -> 0 | Q61: =sum(N61:P61) -> 0 | U61: =sum(R61:T61) -> 0 | V61: =sum(E61,I61,M61,Q61,U61) -> 0 | W61: Academics
A62: Probation Contract | E62: =sum(B62:D62) -> 0 | I62: =sum(F62:H62) -> 0 | M62: =sum(J62:L62) -> 0 | Q62: =sum(N62:P62) -> 0 | U62: =sum(R62:T62) -> 0 | V62: =sum(E62,I62,M62,Q62,U62) -> 0 | W62: Academics | Y62: Inquiry Timings - Friday
A63: Probationary Standing | E63: =sum(B63:D63) -> 0 | I63: =sum(F63:H63) -> 0 | M63: =sum(J63:L63) -> 0 | Q63: =sum(N63:P63) -> 0 | U63: =sum(R63:T63) -> 0 | V63: =sum(E63,I63,M63,Q63,U63) -> 0 | W63: Academics | Y63: Time | Z63: Number of People | AA63: Topic of inquiries | AB63: Phone | AC63: In-Person
A64: Promotion to 2nd Year | E64: =sum(B64:D64) -> 0 | I64: =sum(F64:H64) -> 0 | M64: =sum(J64:L64) -> 0 | Q64: =sum(N64:P64) -> 0 | U64: =sum(R64:T64) -> 0 | V64: =sum(E64,I64,M64,Q64,U64) -> 0 | W64: Academics | Y64: 45179 | AB64: FALSE | AC64: FALSE
A65: Proof of Enrollment/3rd Party Letter Request | E65: =sum(B65:D65) -> 0 | I65: =sum(F65:H65) -> 0 | M65: =sum(J65:L65) -> 0 | Q65: =sum(N65:P65) -> 0 | U65: =sum(R65:T65) -> 0 | V65: =sum(E65,I65,M65,Q65,U65) -> 0 | W65: Referral | Y65: 45210 | AB65: FALSE | AC65: FALSE
A66: Required to Withdraw (RTW) | E66: =sum(B66:D66) -> 0 | I66: =sum(F66:H66) -> 0 | M66: =sum(J66:L66) -> 0 | Q66: =sum(N66:P66) -> 0 | U66: =sum(R66:T66) -> 0 | V66: =sum(E66,I66,M66,Q66,U66) -> 0 | W66: Academics | Y66: 45242 | AB66: FALSE | AC66: FALSE
A67: Residence/Student Housing | E67: =sum(B67:D67) -> 0 | I67: =sum(F67:H67) -> 0 | M67: =sum(J67:L67) -> 0 | Q67: =sum(N67:P67) -> 0 | U67: =sum(R67:T67) -> 0 | V67: =sum(E67,I67,M67,Q67,U67) -> 0 | W67: Referral | Y67: 45261 | AB67: FALSE | AC67: FALSE
A68: Retroactive Course Drop | E68: =sum(B68:D68) -> 0 | I68: =sum(F68:H68) -> 0 | M68: =sum(J68:L68) -> 0 | Q68: =sum(N68:P68) -> 0 | U68: =sum(R68:T68) -> 0 | V68: =sum(E68,I68,M68,Q68,U68) -> 0 | W68: Academics | Y68: 44928 | AB68: FALSE | AC68: FALSE
A69: Service Hub | E69: =sum(B69:D69) -> 0 | I69: =sum(F69:H69) -> 0 | M69: =sum(J69:L69) -> 0 | Q69: =sum(N69:P69) -> 0 | U69: =sum(R69:T69) -> 0 | V69: =sum(E69,I69,M69,Q69,U69) -> 0 | W69: Referral | Y69: 44960 | AB69: FALSE | AC69: FALSE
A70: Special Student (Not enrolled in Engineering at TMU) | E70: =sum(B70:D70) -> 0 | I70: =sum(F70:H70) -> 0 | M70: =sum(J70:L70) -> 0 | Q70: =sum(N70:P70) -> 0 | U70: =sum(R70:T70) -> 0 | V70: =sum(E70,I70,M70,Q70,U70) -> 0 | W70: Academics | Y70: 44989 | AB70: FALSE | AC70: FALSE
A71: Student Clubs - General | E71: =sum(B71:D71) -> 0 | I71: =sum(F71:H71) -> 0 | M71: =sum(J71:L71) -> 0 | Q71: =sum(N71:P71) -> 0 | U71: =sum(R71:T71) -> 0 | V71: =sum(E71,I71,M71,Q71,U71) -> 0 | W71: Mental Health and Wellness
A72: Student Life and Learning Support (SLLS) | E72: =sum(B72:D72) -> 0 | I72: =sum(F72:H72) -> 0 | M72: =sum(J72:L72) -> 0 | Q72: =sum(N72:P72) -> 0 | U72: =sum(R72:T72) -> 0 | V72: =sum(E72,I72,M72,Q72,U72) -> 0 | W72: Mental Health and Wellness
A73: Study Halls | B73: 1 | E73: =sum(B73:D73) -> 1 | F73: 1 | I73: =sum(F73:H73) -> 1 | M73: =sum(J73:L73) -> 0 | Q73: =sum(N73:P73) -> 0 | R73: 3 | U73: =sum(R73:T73) -> 3 | V73: =sum(E73,I73,M73,Q73,U73) -> 5 | W73: Academics
A74: Supplies Request, e.g. stapler, scissor, etc | E74: =sum(B74:D74) -> 0 | I74: =sum(F74:H74) -> 0 | M74: =sum(J74:L74) -> 0 | P74: 1 | Q74: =sum(N74:P74) -> 1 | U74: =sum(R74:T74) -> 0 | V74: =sum(E74,I74,M74,Q74,U74) -> 1 | W74: Other
A75: Test Center/Makeup Exam | E75: =sum(B75:D75) -> 0 | I75: =sum(F75:H75) -> 0 | M75: =sum(J75:L75) -> 0 | Q75: =sum(N75:P75) -> 0 | U75: =sum(R75:T75) -> 0 | V75: =sum(E75,I75,M75,Q75,U75) -> 0 | W75: Referral
A76: Toronto Mentropolitan Student Union (TMSU) | E76: =sum(B76:D76) -> 0 | I76: =sum(F76:H76) -> 0 | M76: =sum(J76:L76) -> 0 | Q76: =sum(N76:P76) -> 0 | U76: =sum(R76:T76) -> 0 | V76: =sum(E76,I76,M76,Q76,U76) -> 0 | W76: Mental Health and Wellness
A77: Transfer Credits | E77: =sum(B77:D77) -> 0 | I77: =sum(F77:H77) -> 0 | M77: =sum(J77:L77) -> 0 | Q77: =sum(N77:P77) -> 0 | U77: =sum(R77:T77) -> 0 | V77: =sum(E77,I77,M77,Q77,U77) -> 0 | W77: Referral
A78: Transferring Programs - Outside of Engineering | E78: =sum(B78:D78) -> 0 | I78: =sum(F78:H78) -> 0 | M78: =sum(J78:L78) -> 0 | Q78: =sum(N78:P78) -> 0 | U78: =sum(R78:T78) -> 0 | V78: =sum(E78,I78,M78,Q78,U78) -> 0 | W78: Referral
A79: Tutoring - Student Learning Support | E79: =sum(B79:D79) -> 0 | I79: =sum(F79:H79) -> 0 | M79: =sum(J79:L79) -> 0 | Q79: =sum(N79:P79) -> 0 | U79: =sum(R79:T79) -> 0 | V79: =sum(E79,I79,M79,Q79,U79) -> 0 | W79: Academics
A80: Upper Year Students | E80: =sum(B80:D80) -> 0 | I80: =sum(F80:H80) -> 0 | M80: =sum(J80:L80) -> 0 | Q80: =sum(N80:P80) -> 0 | U80: =sum(R80:T80) -> 0 | V80: =sum(E80,I80,M80,Q80,U80) -> 0 | W80: Referral
A81: Wait List | E81: =sum(B81:D81) -> 0 | I81: =sum(F81:H81) -> 0 | M81: =sum(J81:L81) -> 0 | Q81: =sum(N81:P81) -> 0 | U81: =sum(R81:T81) -> 0 | V81: =sum(E81,I81,M81,Q81,U81) -> 0 | W81: Academics
A82: Withdrawal - Permanent | E82: =sum(B82:D82) -> 0 | I82: =sum(F82:H82) -> 0 | M82: =sum(J82:L82) -> 0 | Q82: =sum(N82:P82) -> 0 | U82: =sum(R82:T82) -> 0 | V82: =sum(E82,I82,M82,Q82,U82) -> 0 | W82: Academics
A83: Withdrawal - Short Term | E83: =sum(B83:D83) -> 0 | I83: =sum(F83:H83) -> 0 | M83: =sum(J83:L83) -> 0 | Q83: =sum(N83:P83) -> 0 | U83: =sum(R83:T83) -> 0 | V83: =sum(E83,I83,M83,Q83,U83) -> 0 | W83: Academics
A84: Writing Test/CEN 199 | E84: =sum(B84:D84) -> 0 | I84: =sum(F84:H84) -> 0 | M84: =sum(J84:L84) -> 0 | Q84: =sum(N84:P84) -> 0 | U84: =sum(R84:T84) -> 0 | V84: =sum(E84,I84,M84,Q84,U84) -> 0 | W84: Academics
A85: Full Daily Total | B85: =sum(B4:B84) -> 4 | C85: =sum(C4:C84) -> 0 | D85: =sum(D4:D84) -> 0 | F85: =sum(F4:F84) -> 4 | G85: =sum(G4:G84) -> 0 | H85: =sum(H4:H84) -> 0 | J85: =sum(J4:J84) -> 5 | K85: =sum(K4:K84) -> 0 | L85: =sum(L4:L84) -> 0 | N85: =sum(N4:N84) -> 5 | O85: =sum(O4:O84) -> 0 | P85: =sum(P4:P84) -> 7 | R85: =sum(R4:R84) -> 7 | S85: =sum(S4:S84) -> 0 | T85: =sum(T4:T84) -> 2
A86: PEOPLE | B86: 0 | F86: 0 | J86: 0 | N86: 5 | R86: 2

Sheet W5
B1: 45348 | F1: 45349 | J1: 45350 | N1: 45351
A3: Inquiry/Response | B3: Email | C3: Phone | D3: In-per | E3: D-Total | F3: Email | G3: Phone | H3: In-per | I3: D-Total | J3: Email | K3: Phone | L3: In-per | M3: D-Total | N3: Email | O3: Phone | P3: In-per | Q3: D-Total | R3: Email | S3: Phone | T3: In-per | U3: D-Total | V3: Prim-Catgry Tot | W3: Categories
A4: Academic Advising Appointments | B4: 1 | D4: 1 | E4: =sum(B4:D4) -> 2 | F4: 1 | H4: 1 | I4: =sum(F4:H4) -> 2 | M4: =sum(J4:L4) -> 0 | P4: 5 | Q4: =sum(N4:P4) -> 5 | U4: =sum(R4:T4) -> 0 | V4: =sum(E4,I4,M4,Q4,U4) -> 9 | W4: Academics
A5: Academic Consideration Requests (ACRs) - Missing Classes | D5: 2 | E5: =sum(B5:D5) -> 2 | F5: 2 | H5: 4 | I5: =sum(F5:H5) -> 6 | J5: 3 | L5: 2 | M5: =sum(J5:L5) -> 5 | N5: 1 | P5: 2 | Q5: =sum(N5:P5) -> 3 | U5: =sum(R5:T5) -> 0 | V5: =sum(E5,I5,M5,Q5,U5) -> 16 | W5: Academics | Y5: Main Catergories Analysis | Z5: #'s | AG5: Top 5 Categories
A6: Academic Standing | E6: =sum(B6:D6) -> 0 | I6: =sum(F6:H6) -> 0 | M6: =sum(J6:L6) -> 0 | Q6: =sum(N6:P6) -> 0 | U6: =sum(R6:T6) -> 0 | V6: =sum(E6,I6,M6,Q6,U6) -> 0 | W6: Academics | Y6: Academics | Z6: =SUMIF(W:W,"Academics",V:V) -> 93 | AH6: Inquiry | AI6: Amount
A7: Access Centre/Academic Accomodation Support | D7: 1 | E7: =sum(B7:D7) -> 1 | H7: 1 | I7: =sum(F7:H7) -> 1 | L7: 1 | M7: =sum(J7:L7) -> 1 | N7: 1 | Q7: =sum(N7:P7) -> 1 | U7: =sum(R7:T7) -> 0 | V7: =sum(E7,I7,M7,Q7,U7) -> 4 | W7: Academics | Y7: Referral | Z7: =SUMIF(W:W,"Referral",V:V) -> 27 | AG7: 1 | AH7: {=IFERROR(TEXTJOIN(", ", TRUE, IF($V$4:$V$84=AI7, $A$4:$A$84, "")), "")} -> Academic Consideration Requests (ACRs) - Missing Classes | AI7: =LARGE($V$4:$V$84,1) -> 16
A8: ACES | D8: 1 | E8: =sum(B8:D8) -> 1 | I8: =sum(F8:H8) -> 0 | M8: =sum(J8:L8) -> 0 | Q8: =sum(N8:P8) -> 0 | U8: =sum(R8:T8) -> 0 | V8: =sum(E8,I8,M8,Q8,U8) -> 1 | W8: Academics | Y8: Financial | Z8: =SUMIF(W:W,"Financial",V:V) -> 3 | AG8: 2 | AH8: {=IFERROR(TEXTJOIN(", ", TRUE, IF($V$4:$V$84=AI8, $A$4:$A$84, "")), "")} -> Course Drop | AI8: {=LARGE(IF($V$4:$V$84<>MAX($AI$7:AI7),$V$4:$V$84),1)} -> 13
A9: Admissions | D9: 1 | E9: =sum(B9:D9) -> 1 | I9: =sum(F9:H9) -> 0 | M9: =sum(J9:L9) -> 0 | Q9: =sum(N9:P9) -> 0 | U9: =sum(R9:T9) -> 0 | V9: =sum(E9,I9,M9,Q9,U9) -> 1 | W9: Referral | Y9: Mental Health and Wellness | Z9: =SUMIF(W:W, "Mental Health and Wellness", V:V) -> 1 | AG9: 3 | AH9: {=IFERROR(TEXTJOIN(", ", TRUE, IF($V$4:$V$84=AI9, $A$4:$A$84, "")), "")} -> Chang School | AI9: {=LARGE(IF($V$4:$V$84<>MAX($AI$7:AI7),IF($V$4:$V$84<>MAX($AI$8:AI8),$V$4:$V$84)),1)} -> 10
A10: Advisement Report | E10: =sum(B10:D10) -> 0 | I10: =sum(F10:H10) -> 0 | M10: =sum(J10:L10) -> 0 | Q10: =sum(N10:P10) -> 0 | U10: =sum(R10:T10) -> 0 | V10: =sum(E10,I10,M10,Q10,U10) -> 0 | W10: Academics | Y10: Other | Z10: =SUMIF(W:W, "Other", V:V) -> 8 | AG10: 4 | AH10: {=IFERROR(TEXTJOIN(", ", TRUE, IF($V$4:$V$84=AI10, $A$4:$A$84, "")), "")} -> Academic Advising Appointments, Engineering Program Transition Courses | AI10: {=LARGE(IF($V$4:$V$84<>MAX($AI$7:AI7), IF($V$4:$V$84<>MAX($AI$8:AI8), IF($V$4:$V$84<>MAX($AI$9:AI9), $V$4:$V$84))), 1)} -> 9
A11: Appeals | B11: 1 | E11: =sum(B11:D11) -> 1 | F11: 1 | I11: =sum(F11:H11) -> 1 | M11: =sum(J11:L11) -> 0 | N11: 1 | Q11: =sum(N11:P11) -> 1 | U11: =sum(R11:T11) -> 0 | V11: =sum(E11,I11,M11,Q11,U11) -> 3 | W11: Referral | AG11: 5 | AH11: {=IFERROR(TEXTJOIN(", ", TRUE, IF($V$4:$V$84=AI11, $A$4:$A$84, "")), "")} -> Course Enrollment , Exams/Mid-Terms | AI11: {=LARGE(IF($V$4:$V$84<>MAX($AI$7:AI7), IF($V$4:$V$84<>MAX($AI$8:AI8), IF($V$4:$V$84<>MAX($AI$9:AI9), IF($V$4:$V$84<>MAX($AI$10:AI10), $V$4:$V$84)))), 1)} -> 7
A12: Awards/Scholarships | E12: =sum(B12:D12) -> 0 | F12: 1 | I12: =sum(F12:H12) -> 1 | M12: =sum(J12:L12) -> 0 | Q12: =sum(N12:P12) -> 0 | U12: =sum(R12:T12) -> 0 | V12: =sum(E12,I12,M12,Q12,U12) -> 1 | W12: Referral
A13: Building and Campus access | E13: =sum(B13:D13) -> 0 | I13: =sum(F13:H13) -> 0 | M13: =sum(J13:L13) -> 0 | Q13: =sum(N13:P13) -> 0 | U13: =sum(R13:T13) -> 0 | V13: =sum(E13,I13,M13,Q13,U13) -> 0 | W13: Referral | Y13: Inquiry Breakdown For Week
A14: Careers/Employment | E14: =sum(B14:D14) -> 0 | H14: 1 | I14: =sum(F14:H14) -> 1 | M14: =sum(J14:L14) -> 0 | Q14: =sum(N14:P14) -> 0 | U14: =sum(R14:T14) -> 0 | V14: =sum(E14,I14,M14,Q14,U14) -> 1 | W14: Referral | Z14: Monday | AA14: Tuesday | AB14: Wednesday | AC14: Thursday | AD14: Friday | AE14: Method
A15: CCS/Student Help Desk | D15: 1 | E15: =sum(B15:D15) -> 1 | I15: =sum(F15:H15) -> 0 | M15: =sum(J15:L15) -> 0 | Q15: =sum(N15:P15) -> 0 | U15: =sum(R15:T15) -> 0 | V15: =sum(E15,I15,M15,Q15,U15) -> 1 | W15: Referral | Y15: Email | Z15: =B85 -> 8 | AA15: =F85 -> 15 | AB15: =J85 -> 17 | AC15: =N85 -> 13 | AD15: =R85 -> 0 | AE15: =sum(Z15:AD15) -> 53
A16: CEN100 | E16: =sum(B16:D16) -> 0 | I16: =sum(F16:H16) -> 0 | M16: =sum(J16:L16) -> 0 | Q16: =sum(N16:P16) -> 0 | U16: =sum(R16:T16) -> 0 | V16: =sum(E16,I16,M16,Q16,U16) -> 0 | W16: Academics | Y16: Phone | Z16: =C85 -> 0 | AA16: =G85 -> 0 | AB16: =K85 -> 0 | AC16: =O85 -> 0 | AD16: =S85 -> 0 | AE16: =sum(Z16:AD16) -> 0
A17: Chang School | D17: 1 | E17: =sum(B17:D17) -> 1 | F17: 1 | H17: 3 | I17: =sum(F17:H17) -> 4 | J17: 1 | L17: 1 | M17: =sum(J17:L17) -> 2 | N17: 2 | P17: 1 | Q17: =sum(N17:P17) -> 3 | U17: =sum(R17:T17) -> 0 | V17: =sum(E17,I17,M17,Q17,U17) -> 10 | W17: Referral | Y17: In-Person | Z17: =B86 -> 22 | AA17: =F86 -> 23 | AB17: =J86 -> 15 | AC17: =N86 -> 12 | AD17: =R86 | AE17: =sum(Z17:AD17) -> 72
A18: Computer Labs | E18: =sum(B18:D18) -> 0 | I18: =sum(F18:H18) -> 0 | M18: =sum(J18:L18) -> 0 | Q18: =sum(N18:P18) -> 0 | U18: =sum(R18:T18) -> 0 | V18: =sum(E18,I18,M18,Q18,U18) -> 0 | W18: Referral | Y18: Inquiry Breakdown | Z18: =sum(Z15:Z17) -> 30 | AA18: =sum(AA15:AA17) -> 38 | AB18: =sum(AB15:AB17) -> 32 | AC18: =sum(AC15:AC17) -> 25 | AD18: =sum(AD15:AD17) -> 0 | AE18: =sum(Z18:AD18) -> 125
A19: Contact Info Requests | E19: =sum(B19:D19) -> 0 | H19: 1 | I19: =sum(F19:H19) -> 1 | M19: =sum(J19:L19) -> 0 | Q19: =sum(N19:P19) -> 0 | U19: =sum(R19:T19) -> 0 | V19: =sum(E19,I19,M19,Q19,U19) -> 1 | W19: Referral
A20: Coop | E20: =sum(B20:D20) -> 0 | H20: 3 | I20: =sum(F20:H20) -> 3 | M20: =sum(J20:L20) -> 0 | Q20: =sum(N20:P20) -> 0 | U20: =sum(R20:T20) -> 0 | V20: =sum(E20,I20,M20,Q20,U20) -> 3 | W20: Referral
A21: Counselling Centre Appointments | E21: =sum(B21:D21) -> 0 | I21: =sum(F21:H21) -> 0 | M21: =sum(J21:L21) -> 0 | Q21: =sum(N21:P21) -> 0 | U21: =sum(R21:T21) -> 0 | V21: =sum(E21,I21,M21,Q21,U21) -> 0 | W21: Mental Health and Wellness | Y21: Inquiry Timings - Monday
A22: Course Delivery | E22: =sum(B22:D22) -> 0 | I22: =sum(F22:H22) -> 0 | M22: =sum(J22:L22) -> 0 | Q22: =sum(N22:P22) -> 0 | U22: =sum(R22:T22) -> 0 | V22: =sum(E22,I22,M22,Q22,U22) -> 0 | W22: Referral | Y22: Time | Z22: Number of People | AA22: Topic of inquiries | AB22: Phone | AC22: In-Person
A23: Course Drop | B23: 1 | D23: 2 | E23: =sum(B23:D23) -> 3 | F23: 1 | H23: 3 | I23: =sum(F23:H23) -> 4 | J23: 1 | L23: 3 | M23: =sum(J23:L23) -> 4 | N23: 2 | Q23: =sum(N23:P23) -> 2 | U23: =sum(R23:T23) -> 0 | V23: =sum(E23,I23,M23,Q23,U23) -> 13 | W23: Academics | Y23: 45179 | AB23: FALSE | AC23: FALSE
A24: Course Enrollment | D24: 3 | E24: =sum(B24:D24) -> 3 | H24: 1 | I24: =sum(F24:H24) -> 1 | J24: 1 | L24: 2 | M24: =sum(J24:L24) -> 3 | Q24: =sum(N24:P24) -> 0 | U24: =sum(R24:T24) -> 0 | V24: =sum(E24,I24,M24,Q24,U24) -> 7 | W24: Academics | Y24: 45210 | AB24: FALSE | AC24: FALSE
A25: Course Intentions | E25: =sum(B25:D25) -> 0 | I25: =sum(F25:H25) -> 0 | M25: =sum(J25:L25) -> 0 | Q25: =sum(N25:P25) -> 0 | U25: =sum(R25:T25) -> 0 | V25: =sum(E25,I25,M25,Q25,U25) -> 0 | W25: Academics | Y25: 45242 | AB25: FALSE | AC25: FALSE
A26: Course Outlines | E26: =sum(B26:D26) -> 0 | F26: 1 | I26: =sum(F26:H26) -> 1 | M26: =sum(J26:L26) -> 0 | Q26: =sum(N26:P26) -> 0 | U26: =sum(R26:T26) -> 0 | V26: =sum(E26,I26,M26,Q26,U26) -> 1 | W26: Referral | Y26: 45261 | AB26: FALSE | AC26: FALSE
A27: Course Planning/Course Load management | E27: =sum(B27:D27) -> 0 | I27: =sum(F27:H27) -> 0 | M27: =sum(J27:L27) -> 0 | Q27: =sum(N27:P27) -> 0 | U27: =sum(R27:T27) -> 0 | V27: =sum(E27,I27,M27,Q27,U27) -> 0 | W27: Academics | Y27: 44928 | AB27: FALSE | AC27: FALSE
A28: Course Swap | B28: 1 | E28: =sum(B28:D28) -> 1 | I28: =sum(F28:H28) -> 0 | M28: =sum(J28:L28) -> 0 | Q28: =sum(N28:P28) -> 0 | U28: =sum(R28:T28) -> 0 | V28: =sum(E28,I28,M28,Q28,U28) -> 1 | W28: Academics | Y28: 44960 | AB28: FALSE | AC28: FALSE
A29: D2L | E29: =sum(B29:D29) -> 0 | I29: =sum(F29:H29) -> 0 | M29: =sum(J29:L29) -> 0 | Q29: =sum(N29:P29) -> 0 | U29: =sum(R29:T29) -> 0 | V29: =sum(E29,I29,M29,Q29,U29) -> 0 | W29: Academics | Y29: 44989 | AB29: FALSE | AC29: FALSE
A30: Directions | D30: 1 | E30: =sum(B30:D30) -> 1 | H30: 1 | I30: =sum(F30:H30) -> 1 | L30: 2 | M30: =sum(J30:L30) -> 2 | Q30: =sum(N30:P30) -> 0 | U30: =sum(R30:T30) -> 0 | V30: =sum(E30,I30,M30,Q30,U30) -> 4 | W30: Other
A31: Discipline | E31: =sum(B31:D31) -> 0 | F31: 1 | I31: =sum(F31:H31) -> 1 | M31: =sum(J31:L31) -> 0 | Q31: =sum(N31:P31) -> 0 | U31: =sum(R31:T31) -> 0 | V31: =sum(E31,I31,M31,Q31,U31) -> 1 | W31: Referral
A32: Early Intervention | E32: =sum(B32:D32) -> 0 | I32: =sum(F32:H32) -> 0 | M32: =sum(J32:L32) -> 0 | Q32: =sum(N32:P32) -> 0 | U32: =sum(R32:T32) -> 0 | V32: =sum(E32,I32,M32,Q32,U32) -> 0 | W32: Academics | Y32: Inquiry Timings - Tuesday
A33: Engineering Program Transition Courses | D33: 1 | E33: =sum(B33:D33) -> 1 | F33: 1 | H33: 3 | I33: =sum(F33:H33) -> 4 | J33: 4 | M33: =sum(J33:L33) -> 4 | Q33: =sum(N33:P33) -> 0 | U33: =sum(R33:T33) -> 0 | V33: =sum(E33,I33,M33,Q33,U33) -> 9 | W33: Academics | Y33: Time | Z33: Number of People | AA33: Topic of inquiries | AB33: Phone | AC33: In-Person
A34: Enrollment Period | E34: =sum(B34:D34) -> 0 | I34: =sum(F34:H34) -> 0 | J34: 2 | M34: =sum(J34:L34) -> 2 | Q34: =sum(N34:P34) -> 0 | U34: =sum(R34:T34) -> 0 | V34: =sum(E34,I34,M34,Q34,U34) -> 2 | W34: Academics | Y34: 45179 | AB34: FALSE | AC34: FALSE
A35: Exams/Mid-Terms | B35: 1 | E35: =sum(B35:D35) -> 1 | F35: 1 | I35: =sum(F35:H35) -> 1 | L35: 3 | M35: =sum(J35:L35) -> 3 | N35: 2 | Q35: =sum(N35:P35) -> 2 | U35: =sum(R35:T35) -> 0 | V35: =sum(E35,I35,M35,Q35,U35) -> 7 | W35: Academics | Y35: 45210 | AB35: FALSE | AC35: FALSE
A36: Fees | D36: 1 | E36: =sum(B36:D36) -> 1 | I36: =sum(F36:H36) -> 0 | M36: =sum(J36:L36) -> 0 | N36: 1 | Q36: =sum(N36:P36) -> 1 | U36: =sum(R36:T36) -> 0 | V36: =sum(E36,I36,M36,Q36,U36) -> 2 | W36: Financial | Y36: 45242 | AB36: FALSE | AC36: FALSE
A37: First Year Ambassador Program | E37: =sum(B37:D37) -> 0 | I37: =sum(F37:H37) -> 0 | M37: =sum(J37:L37) -> 0 | Q37: =sum(N37:P37) -> 0 | U37: =sum(R37:T37) -> 0 | V37: =sum(E37,I37,M37,Q37,U37) -> 0 | W37: Academics | Y37: 45261 | AB37: FALSE | AC37: FALSE
A38: First Year in Two Years | E38: =sum(B38:D38) -> 0 | I38: =sum(F38:H38) -> 0 | M38: =sum(J38:L38) -> 0 | Q38: =sum(N38:P38) -> 0 | U38: =sum(R38:T38) -> 0 | V38: =sum(E38,I38,M38,Q38,U38) -> 0 | W38: Academics | Y38: 44928 | AB38: FALSE | AC38: FALSE
A39: Fresh Start / Reinstatement | E39: =sum(B39:D39) -> 0 | I39: =sum(F39:H39) -> 0 | M39: =sum(J39:L39) -> 0 | Q39: =sum(N39:P39) -> 0 | U39: =sum(R39:T39) -> 0 | V39: =sum(E39,I39,M39,Q39,U39) -> 0 | W39: Academics | Y39: 44960 | AB39: FALSE | AC39: FALSE
A40: General Academic Advising | E40: =sum(B40:D40) -> 0 | I40: =sum(F40:H40) -> 0 | M40: =sum(J40:L40) -> 0 | Q40: =sum(N40:P40) -> 0 | U40: =sum(R40:T40) -> 0 | V40: =sum(E40,I40,M40,Q40,U40) -> 0 | W40: Academics | Y40: 44989 | AB40: FALSE | AC40: FALSE
A41: GPA/CGPA | E41: =sum(B41:D41) -> 0 | H41: 1 | I41: =sum(F41:H41) -> 1 | M41: =sum(J41:L41) -> 0 | Q41: =sum(N41:P41) -> 0 | U41: =sum(R41:T41) -> 0 | V41: =sum(E41,I41,M41,Q41,U41) -> 1 | W41: Academics
A42: Graduate Studies | E42: =sum(B42:D42) -> 0 | I42: =sum(F42:H42) -> 0 | M42: =sum(J42:L42) -> 0 | Q42: =sum(N42:P42) -> 0 | U42: =sum(R42:T42) -> 0 | V42: =sum(E42,I42,M42,Q42,U42) -> 0 | W42: Referral | Y42: Inquiry Timings - Wednesday
A43: Holidays, e.g. Reading Week, Stat Holidays, etc | E43: =sum(B43:D43) -> 0 | I43: =sum(F43:H43) -> 0 | M43: =sum(J43:L43) -> 0 | Q43: =sum(N43:P43) -> 0 | U43: =sum(R43:T43) -> 0 | V43: =sum(E43,I43,M43,Q43,U43) -> 0 | W43: Other | Y43: Time | Z43: Number of People | AA43: Topic of inquiries | AB43: Phone | AC43: In-Person
A44: International Student Support | E44: =sum(B44:D44) -> 0 | I44: =sum(F44:H44) -> 0 | M44: =sum(J44:L44) -> 0 | N44: 1 | Q44: =sum(N44:P44) -> 1 | U44: =sum(R44:T44) -> 0 | V44: =sum(E44,I44,M44,Q44,U44) -> 1 | W44: Referral | Y44: 45179 | AB44: FALSE | AC44: FALSE
A45: Letter of Permission/Taking Courses outside TMU | E45: =sum(B45:D45) -> 0 | I45: =sum(F45:H45) -> 0 | M45: =sum(J45:L45) -> 0 | Q45: =sum(N45:P45) -> 0 | U45: =sum(R45:T45) -> 0 | V45: =sum(E45,I45,M45,Q45,U45) -> 0 | W45: Referral | Y45: 45210 | AB45: FALSE | AC45: FALSE
A46: Liberals | D46: 1 | E46: =sum(B46:D46) -> 1 | H46: 1 | I46: =sum(F46:H46) -> 1 | M46: =sum(J46:L46) -> 0 | P46: 1 | Q46: =sum(N46:P46) -> 1 | U46: =sum(R46:T46) -> 0 | V46: =sum(E46,I46,M46,Q46,U46) -> 3 | W46: Academics | Y46: 45242 | AB46: FALSE | AC46: FALSE
A47: Lockers | E47: =sum(B47:D47) -> 0 | I47: =sum(F47:H47) -> 0 | M47: =sum(J47:L47) -> 0 | Q47: =sum(N47:P47) -> 0 | U47: =sum(R47:T47) -> 0 | V47: =sum(E47,I47,M47,Q47,U47) -> 0 | W47: Other | Y47: 45261 | AB47: FALSE | AC47: FALSE
A48: Lost and Found | E48: =sum(B48:D48) -> 0 | I48: =sum(F48:H48) -> 0 | M48: =sum(J48:L48) -> 0 | Q48: =sum(N48:P48) -> 0 | U48: =sum(R48:T48) -> 0 | V48: =sum(E48,I48,M48,Q48,U48) -> 0 | W48: Other | Y48: 44928 | AB48: FALSE | AC48: FALSE
A49: Math Centre | E49: =sum(B49:D49) -> 0 | I49: =sum(F49:H49) -> 0 | M49: =sum(J49:L49) -> 0 | Q49: =sum(N49:P49) -> 0 | U49: =sum(R49:T49) -> 0 | V49: =sum(E49,I49,M49,Q49,U49) -> 0 | W49: Academics | Y49: 44960 | AB49: FALSE | AC49: FALSE
A50: Mentoring | E50: =sum(B50:D50) -> 0 | I50: =sum(F50:H50) -> 0 | M50: =sum(J50:L50) -> 0 | Q50: =sum(N50:P50) -> 0 | U50: =sum(R50:T50) -> 0 | V50: =sum(E50,I50,M50,Q50,U50) -> 0 | W50: Academics | Y50: 44989 | AB50: FALSE | AC50: FALSE
A51: Mini Math | E51: =sum(B51:D51) -> 0 | I51: =sum(F51:H51) -> 0 | M51: =sum(J51:L51) -> 0 | Q51: =sum(N51:P51) -> 0 | U51: =sum(R51:T51) -> 0 | V51: =sum(E51,I51,M51,Q51,U51) -> 0 | W51: Academics
A52: Minors | E52: =sum(B52:D52) -> 0 | F52: 1 | I52: =sum(F52:H52) -> 1 | M52: =sum(J52:L52) -> 0 | Q52: =sum(N52:P52) -> 0 | U52: =sum(R52:T52) -> 0 | V52: =sum(E52,I52,M52,Q52,U52) -> 1 | W52: Academics | Y52: Inquiry Timings - Thursday
A53: MyServiceHub Navigation | E53: =sum(B53:D53) -> 0 | I53: =sum(F53:H53) -> 0 | M53: =sum(J53:L53) -> 0 | Q53: =sum(N53:P53) -> 0 | U53: =sum(R53:T53) -> 0 | V53: =sum(E53,I53,M53,Q53,U53) -> 0 | W53: Other | Y53: Time | Z53: Number of People | AA53: Topic of inquiries | AB53: Phone | AC53: In-Person
A54: One Card | E54: =sum(B54:D54) -> 0 | I54: =sum(F54:H54) -> 0 | M54: =sum(J54:L54) -> 0 | Q54: =sum(N54:P54) -> 0 | U54: =sum(R54:T54) -> 0 | V54: =sum(E54,I54,M54,Q54,U54) -> 0 | W54: Referral | Y54: 45179 | AB54: FALSE | AC54: FALSE
A55: Orientation | E55: =sum(B55:D55) -> 0 | I55: =sum(F55:H55) -> 0 | M55: =sum(J55:L55) -> 0 | Q55: =sum(N55:P55) -> 0 | U55: =sum(R55:T55) -> 0 | V55: =sum(E55,I55,M55,Q55,U55) -> 0 | W55: Other | Y55: 45210 | AB55: FALSE | AC55: FALSE
A56: OSAP | E56: =sum(B56:D56) -> 0 | I56: =sum(F56:H56) -> 0 | L56: 1 | M56: =sum(J56:L56) -> 1 | Q56: =sum(N56:P56) -> 0 | U56: =sum(R56:T56) -> 0 | V56: =sum(E56,I56,M56,Q56,U56) -> 1 | W56: Financial | Y56: 45242 | AB56: FALSE | AC56: FALSE
A57: OSMS/OSEIE | B57: 1 | E57: =sum(B57:D57) -> 1 | I57: =sum(F57:H57) -> 0 | M57: =sum(J57:L57) -> 0 | Q57: =sum(N57:P57) -> 0 | U57: =sum(R57:T57) -> 0 | V57: =sum(E57,I57,M57,Q57,U57) -> 1 | W57: Other | Y57: 45261 | AB57: FALSE | AC57: FALSE
A58: Other | D58: 1 | E58: =sum(B58:D58) -> 1 | I58: =sum(F58:H58) -> 0 | M58: =sum(J58:L58) -> 0 | N58: 1 | P58: 3 | Q58: =sum(N58:P58) -> 4 | U58: =sum(R58:T58) -> 0 | V58: =sum(E58,I58,M58,Q58,U58) -> 5 | W58: Academics | Y58: 44928 | AB58: FALSE | AC58: FALSE
A59: Parents Night | E59: =sum(B59:D59) -> 0 | I59: =sum(F59:H59) -> 0 | M59: =sum(J59:L59) -> 0 | Q59: =sum(N59:P59) -> 0 | U59: =sum(R59:T59) -> 0 | V59: =sum(E59,I59,M59,Q59,U59) -> 0 | W59: Other | Y59: 44960 | AB59: FALSE | AC59: FALSE
A60: Plan Change | B60: 1 | D60: 1 | E60: =sum(B60:D60) -> 2 | F60: 1 | I60: =sum(F60:H60) -> 1 | M60: =sum(J60:L60) -> 0 | Q60: =sum(N60:P60) -> 0 | U60: =sum(R60:T60) -> 0 | V60: =sum(E60,I60,M60,Q60,U60) -> 3 | W60: Academics | Y60: 44989 | AB60: FALSE | AC60: FALSE
A61: Printing | E61: =sum(B61:D61) -> 0 | I61: =sum(F61:H61) -> 0 | M61: =sum(J61:L61) -> 0 | Q61: =sum(N61:P61) -> 0 | U61: =sum(R61:T61) -> 0 | V61: =sum(E61,I61,M61,Q61,U61) -> 0 | W61: Academics
A62: Probation Contract | B62: 1 | D62: 1 | E62: =sum(B62:D62) -> 2 | I62: =sum(F62:H62) -> 0 | J62: 1 | M62: =sum(J62:L62) -> 1 | N62: 1 | P62: 1 | Q62: =sum(N62:P62) -> 2 | U62: =sum(R62:T62) -> 0 | V62: =sum(E62,I62,M62,Q62,U62) -> 5 | W62: Academics | Y62: Inquiry Timings - Friday
A63: Probationary Standing | E63: =sum(B63:D63) -> 0 | I63: =sum(F63:H63) -> 0 | M63: =sum(J63:L63) -> 0 | Q63: =sum(N63:P63) -> 0 | U63: =sum(R63:T63) -> 0 | V63: =sum(E63,I63,M63,Q63,U63) -> 0 | W63: Academics | Y63: Time | Z63: Number of People | AA63: Topic of inquiries | AB63: Phone | AC63: In-Person
A64: Promotion to 2nd Year | E64: =sum(B64:D64) -> 0 | I64: =sum(F64:H64) -> 0 | M64: =sum(J64:L64) -> 0 | Q64: =sum(N64:P64) -> 0 | U64: =sum(R64:T64) -> 0 | V64: =sum(E64,I64,M64,Q64,U64) -> 0 | W64: Academics | Y64: 45179 | AB64: FALSE | AC64: FALSE
A65: Proof of Enrollment/3rd Party Letter Request | E65: =sum(B65:D65) -> 0 | I65: =sum(F65:H65) -> 0 | M65: =sum(J65:L65) -> 0 | Q65: =sum(N65:P65) -> 0 | U65: =sum(R65:T65) -> 0 | V65: =sum(E65,I65,M65,Q65,U65) -> 0 | W65: Referral | Y65: 45210 | AB65: FALSE | AC65: FALSE
A66: Required to Withdraw (RTW) | E66: =sum(B66:D66) -> 0 | I66: =sum(F66:H66) -> 0 | M66: =sum(J66:L66) -> 0 | Q66: =sum(N66:P66) -> 0 | U66: =sum(R66:T66) -> 0 | V66: =sum(E66,I66,M66,Q66,U66) -> 0 | W66: Academics | Y66: 45242 | AB66: FALSE | AC66: FALSE
A67: Residence/Student Housing | E67: =sum(B67:D67) -> 0 | I67: =sum(F67:H67) -> 0 | M67: =sum(J67:L67) -> 0 | Q67: =sum(N67:P67) -> 0 | U67: =sum(R67:T67) -> 0 | V67: =sum(E67,I67,M67,Q67,U67) -> 0 | W67: Referral | Y67: 45261 | AB67: FALSE | AC67: FALSE
A68: Retroactive Course Drop | E68: =sum(B68:D68) -> 0 | I68: =sum(F68:H68) -> 0 | M68: =sum(J68:L68) -> 0 | Q68: =sum(N68:P68) -> 0 | U68: =sum(R68:T68) -> 0 | V68: =sum(E68,I68,M68,Q68,U68) -> 0 | W68: Academics | Y68: 44928 | AB68: FALSE | AC68: FALSE
A69: Service Hub | E69: =sum(B69:D69) -> 0 | I69: =sum(F69:H69) -> 0 | M69: =sum(J69:L69) -> 0 | Q69: =sum(N69:P69) -> 0 | U69: =sum(R69:T69) -> 0 | V69: =sum(E69,I69,M69,Q69,U69) -> 0 | W69: Referral | Y69: 44960 | AB69: FALSE | AC69: FALSE
A70: Special Student (Not enrolled in Engineering at TMU) | E70: =sum(B70:D70) -> 0 | I70: =sum(F70:H70) -> 0 | M70: =sum(J70:L70) -> 0 | Q70: =sum(N70:P70) -> 0 | U70: =sum(R70:T70) -> 0 | V70: =sum(E70,I70,M70,Q70,U70) -> 0 | W70: Academics | Y70: 44989 | AB70: FALSE | AC70: FALSE
A71: Student Clubs - General | E71: =sum(B71:D71) -> 0 | I71: =sum(F71:H71) -> 0 | M71: =sum(J71:L71) -> 0 | Q71: =sum(N71:P71) -> 0 | U71: =sum(R71:T71) -> 0 | V71: =sum(E71,I71,M71,Q71,U71) -> 0 | W71: Mental Health and Wellness
A72: Student Life and Learning Support (SLLS) | E72: =sum(B72:D72) -> 0 | I72: =sum(F72:H72) -> 0 | M72: =sum(J72:L72) -> 0 | Q72: =sum(N72:P72) -> 0 | U72: =sum(R72:T72) -> 0 | V72: =sum(E72,I72,M72,Q72,U72) -> 0 | W72: Mental Health and Wellness
A73: Study Halls | E73: =sum(B73:D73) -> 0 | F73: 2 | I73: =sum(F73:H73) -> 2 | J73: 3 | M73: =sum(J73:L73) -> 3 | Q73: =sum(N73:P73) -> 0 | U73: =sum(R73:T73) -> 0 | V73: =sum(E73,I73,M73,Q73,U73) -> 5 | W73: Academics
A74: Supplies Request, e.g. stapler, scissor, etc | D74: 3 | E74: =sum(B74:D74) -> 3 | I74: =sum(F74:H74) -> 0 | M74: =sum(J74:L74) -> 0 | Q74: =sum(N74:P74) -> 0 | U74: =sum(R74:T74) -> 0 | V74: =sum(E74,I74,M74,Q74,U74) -> 3 | W74: Other
A75: Test Center/Makeup Exam | E75: =sum(B75:D75) -> 0 | H75: 1 | I75: =sum(F75:H75) -> 1 | M75: =sum(J75:L75) -> 0 | Q75: =sum(N75:P75) -> 0 | U75: =sum(R75:T75) -> 0 | V75: =sum(E75,I75,M75,Q75,U75) -> 1 | W75: Referral
A76: Toronto Mentropolitan Student Union (TMSU) | E76: =sum(B76:D76) -> 0 | I76: =sum(F76:H76) -> 0 | J76: 1 | M76: =sum(J76:L76) -> 1 | Q76: =sum(N76:P76) -> 0 | U76: =sum(R76:T76) -> 0 | V76: =sum(E76,I76,M76,Q76,U76) -> 1 | W76: Mental Health and Wellness
A77: Transfer Credits | D77: 1 | E77: =sum(B77:D77) -> 1 | I77: =sum(F77:H77) -> 0 | M77: =sum(J77:L77) -> 0 | Q77: =sum(N77:P77) -> 0 | U77: =sum(R77:T77) -> 0 | V77: =sum(E77,I77,M77,Q77,U77) -> 1 | W77: Referral
A78: Transferring Programs - Outside of Engineering | D78: 1 | E78: =sum(B78:D78) -> 1 | I78: =sum(F78:H78) -> 0 | M78: =sum(J78:L78) -> 0 | Q78: =sum(N78:P78) -> 0 | U78: =sum(R78:T78) -> 0 | V78: =sum(E78,I78,M78,Q78,U78) -> 1 | W78: Referral
A79: Tutoring - Student Learning Support | E79: =sum(B79:D79) -> 0 | I79: =sum(F79:H79) -> 0 | M79: =sum(J79:L79) -> 0 | Q79: =sum(N79:P79) -> 0 | U79: =sum(R79:T79) -> 0 | V79: =sum(E79,I79,M79,Q79,U79) -> 0 | W79: Academics
A80: Upper Year Students | E80: =sum(B80:D80) -> 0 | I80: =sum(F80:H80) -> 0 | M80: =sum(J80:L80) -> 0 | Q80: =sum(N80:P80) -> 0 | U80: =sum(R80:T80) -> 0 | V80: =sum(E80,I80,M80,Q80,U80) -> 0 | W80: Referral
A81: Wait List | E81: =sum(B81:D81) -> 0 | I81: =sum(F81:H81) -> 0 | L81: 1 | M81: =sum(J81:L81) -> 1 | Q81: =sum(N81:P81) -> 0 | U81: =sum(R81:T81) -> 0 | V81: =sum(E81,I81,M81,Q81,U81) -> 1 | W81: Academics
A82: Withdrawal - Permanent | E82: =sum(B82:D82) -> 0 | I82: =sum(F82:H82) -> 0 | M82: =sum(J82:L82) -> 0 | Q82: =sum(N82:P82) -> 0 | U82: =sum(R82:T82) -> 0 | V82: =sum(E82,I82,M82,Q82,U82) -> 0 | W82: Academics
A83: Withdrawal - Short Term | E83: =sum(B83:D83) -> 0 | I83: =sum(F83:H83) -> 0 | M83: =sum(J83:L83) -> 0 | Q83: =sum(N83:P83) -> 0 | U83: =sum(R83:T83) -> 0 | V83: =sum(E83,I83,M83,Q83,U83) -> 0 | W83: Academics
A84: Writing Test/CEN 199 | E84: =sum(B84:D84) -> 0 | I84: =sum(F84:H84) -> 0 | M84: =sum(J84:L84) -> 0 | Q84: =sum(N84:P84) -> 0 | U84: =sum(R84:T84) -> 0 | V84: =sum(E84,I84,M84,Q84,U84) -> 0 | W84: Academics
A85: Full Daily Total | B85: =sum(B4:B84) -> 8 | C85: =sum(C4:C84) -> 0 | D85: =sum(D4:D84) -> 25 | F85: =sum(F4:F84) -> 15 | G85: =sum(G4:G84) -> 0 | H85: =sum(H4:H84) -> 25 | J85: =sum(J4:J84) -> 17 | K85: =sum(K4:K84) -> 0 | L85: =sum(L4:L84) -> 16 | N85: =sum(N4:N84) -> 13 | O85: =sum(O4:O84) -> 0 | P85: =sum(P4:P84) -> 13 | R85: =sum(R4:R84) -> 0 | S85: =sum(S4:S84) -> 0 | T85: =sum(T4:T84) -> 0
A86: PEOPLE | B86: 22 | F86: 23 | J86: 15 | N86: 12

Sheet Monthly Report
A1: MONTH OF FEBRUARY
A6: Total Inquries: | B6: =SUM(B16:F16) -> 431
A9: WEEKLY ANALYSIS | H9: WEEKLY TIME ANALYSIS
A10: Week | B10: Academics | C10: Referral | D10: Financial | E10: Mental Health and Wellness | F10: Other | H10: Time | I10: # of ppl
A11: Week 1 | B11: ='W1'!Z6 -> 22 | C11: ='W1'!Z7 -> 7 | D11: ='W1'!Z8 -> 2 | E11: ='W1'!Z9 -> 0 | F11: ='W1'!Z10 -> 5 | H11: 45179 | I11: =sum('W5'!Z23,'W5'!Z34,'W5'!Z44,'W5'!Z54,'W5'!Z64,'W4'!Z23,'W4'!Z34,'W4'!Z44,'W4'!Z54,'W4'!Z64,'W3'!Z23,'W3'!Z34,'W3'!Z44,'W3'!Z54,'W3'!Z64,'W2'!Z23,'W2'!Z34,'W2'!Z44,'W2'!Z54,'W2'!Z64,'W1'!Z23,'W1'!Z34,'W1'!Z44,'W1'!Z54,'W1'!Z64) -> 0
A12: Week 2 | B12: ='W2'!Z6 -> 82 | C12: ='W2'!Z7 -> 44 | D12: ='W2'!Z8 -> 7 | E12: ='W2'!Z9 -> 3 | F12: ='W2'!Z10 -> 13 | H12: 45210 | I12: =sum('W5'!Z24,'W5'!Z35,'W5'!Z45,'W5'!Z55,'W5'!Z65,'W4'!Z24,'W4'!Z35,'W4'!Z45,'W4'!Z55,'W4'!Z65,'W3'!Z24,'W3'!Z35,'W3'!Z45,'W3'!Z55,'W3'!Z65,'W2'!Z24,'W2'!Z35,'W2'!Z45,'W2'!Z55,'W2'!Z65,'W1'!Z24,'W1'!Z35,'W1'!Z45,'W1'!Z55,'W1'!Z65) -> 0
A13: Week 3 | B13: ='W3'!Z6 -> 50 | C13: ='W3'!Z7 -> 13 | D13: ='W3'!Z8 -> 4 | E13: ='W3'!Z9 -> 0 | F13: ='W3'!Z10 -> 13 | H13: 45242 | I13: =sum('W5'!Z25,'W5'!Z36,'W5'!Z46,'W5'!Z56,'W5'!Z66,'W4'!Z25,'W4'!Z36,'W4'!Z46,'W4'!Z56,'W4'!Z66,'W3'!Z25,'W3'!Z36,'W3'!Z46,'W3'!Z56,'W3'!Z66,'W2'!Z25,'W2'!Z36,'W2'!Z46,'W2'!Z56,'W2'!Z66,'W1'!Z25,'W1'!Z36,'W1'!Z46,'W1'!Z56,'W1'!Z66) -> 0
A14: Week 4 | B14: ='W4'!Z6 -> 22 | C14: ='W4'!Z7 -> 6 | D14: ='W4'!Z8 -> 3 | E14: ='W4'!Z9 -> 0 | F14: ='W4'!Z10 -> 3 | H14: 45261 | I14: =sum('W5'!Z26,'W5'!Z37,'W5'!Z47,'W5'!Z57,'W5'!Z67,'W4'!Z26,'W4'!Z37,'W4'!Z47,'W4'!Z57,'W4'!Z67,'W3'!Z26,'W3'!Z37,'W3'!Z47,'W3'!Z57,'W3'!Z67,'W2'!Z26,'W2'!Z37,'W2'!Z47,'W2'!Z57,'W2'!Z67,'W1'!Z26,'W1'!Z37,'W1'!Z47,'W1'!Z57,'W1'!Z67) -> 0
A15: Week 5 | B15: ='W5'!Z6 -> 93 | C15: ='W5'!Z7 -> 27 | D15: ='W5'!Z8 -> 3 | E15: ='W5'!Z9 -> 1 | F15: ='W5'!Z10 -> 8 | H15: 44928 | I15: =sum('W5'!Z27,'W5'!Z38,'W5'!Z48,'W5'!Z58,'W5'!Z68,'W4'!Z27,'W4'!Z38,'W4'!Z48,'W4'!Z58,'W4'!Z68,'W3'!Z27,'W3'!Z38,'W3'!Z48,'W3'!Z58,'W3'!Z68,'W2'!Z27,'W2'!Z38,'W2'!Z48,'W2'!Z58,'W2'!Z68,'W1'!Z27,'W1'!Z38,'W1'!Z48,'W1'!Z58,'W1'!Z68) -> 0
A16: Monthly Total | B16: =SUM(B11:B15) -> 269 | C16: =SUM(C11:C15) -> 97 | D16: =SUM(D11:D15) -> 19 | E16: =SUM(E11:E15) -> 4 | F16: =SUM(F11:F15) -> 42 | H16: 44960 | I16: =sum('W5'!Z28,'W5'!Z39,'W5'!Z49,'W5'!Z59,'W5'!Z69,'W4'!Z28,'W4'!Z39,'W4'!Z49,'W4'!Z59,'W4'!Z69,'W3'!Z28,'W3'!Z39,'W3'!Z49,'W3'!Z59,'W3'!Z69,'W2'!Z28,'W2'!Z39,'W2'!Z49,'W2'!Z59,'W2'!Z69,'W1'!Z28,'W1'!Z39,'W1'!Z49,'W1'!Z59,'W1'!Z69) -> 0
H17: 44989 | I17: =sum('W5'!Z29,'W5'!Z40,'W5'!Z50,'W5'!Z60,'W5'!Z70,'W4'!Z29,'W4'!Z40,'W4'!Z50,'W4'!Z60,'W4'!Z70,'W3'!Z29,'W3'!Z40,'W3'!Z50,'W3'!Z60,'W3'!Z70,'W2'!Z29,'W2'!Z40,'W2'!Z50,'W2'!Z60,'W2'!Z70,'W1'!Z29,'W1'!Z40,'W1'!Z50,'W1'!Z60,'W1'!Z70) -> 0
A19: DELIVERY OF INQUIRIES ANALYSIS
A20: Week | B20: Email | C20: Phone | D20: In-person | E20: Total
A21: Week 1 | B21: ='W1'!AE15 -> 11 | C21: ='W1'!AE16 -> 0 | D21: ='W1'!AE17 -> 25 | E21: =SUM(B21:D21) -> 36
A22: Week 2 | B22: ='W2'!AE15 -> 59 | C22: ='W2'!AE16 -> 0 | D22: ='W2'!AE17 -> 42 | E22: =SUM(B22:D22) -> 101
A23: Week 3 | B23: ='W3'!AE15 -> 33 | C23: ='W3'!AE16 -> 4 | D23: ='W3'!AE17 -> 33 | E23: =SUM(B23:D23) -> 70
A24: Week 4 | B24: ='W4'!AE15 -> 25 | C24: ='W4'!AE16 -> 0 | D24: ='W4'!AE17 -> 7 | E24: =SUM(B24:D24) -> 32
A25: Week 5 | B25: ='W5'!AE15 -> 53 | C25: ='W5'!AE16 -> 0 | D25: ='W5'!AE17 -> 72 | E25: =SUM(B25:D25) -> 125
A26: Monthly Total | B26: =SUM(B21:B25) -> 181 | C26: =SUM(C21:C25) -> 4 | D26: =SUM(D21:D25) -> 179 | E26: =SUM(B26:D26) -> 364
